Abraxas.1200 
Abraxas :: abraxas :: Abraxas.1214 :: Abraxas.15xx :: Abraxas.15xx :: Abraxas.3 :: Abraxas.4 :: Abraxash 
Acid :: acid :: Acid.670 :: Acid.Trip :: Acid.Trip
ADA :: ada :: ADA 
Adolph :: adolph :: Adolph.3 
Advent :: advent :: Advent
AfterShake :: AfterShake
Agip :: Agip
AIDS :: aids :: AIDS.1 :: AIDS.1 :: AIDS.1 :: AIDS.1 :: AIDS.1 :: AIDSII :: AIDSII :: AIDSII
Aircop :: Aircop.B :: Aircop.B :: Aircop.c
Alabama :: alabama :: Alabama.B :: Alabama.B :: Alabama.B :: Alabama.B
Albania :: albania  :: Albania.1 :: Albania.1 :: Albania.1 :: Albania.429.A
Alia :: alia  :: Alia.1023 
AlphaStrike :: AlphaStrike
Amoeba :: amoeba :: Amoeba.1 :: Amoeba.1 :: Amoeba.1 
Amstrad :: amstrad :: Amstrad.1 :: Amstrad.1 :: Amstrad.1 :: Amstrad.1 :: Amstrad.1 :: Amstrad.1 :: Amstrad.1 :: Amstrad.2 :: Amstrad.2 :: Amstrad.2 :: Amstrad.2 :: Amstrad.740 :: Amstrad.740 
Amusak :: Amusak
Andromeda :: andromeda :: Andromeda.1140 :: Andromeda.758.D 
Andryushka :: andryushka :: Andryushka.1
Angela :: Angela 
Angry :: Angry
AnkeHuber  :: AnkeHuber
Antrhax :: anthrax  :: Anthrax.E :: Anthrax.E 
AntiCAD :: AntiCAD :: AntiCAD.4096 :: AntiCAD.4096 :: AntiCAD.4096 :: AntiCAD.4096 :: AntiCAD.4096 :: AntiCAD.4096
Anti :: anti :: Anti.D.2 :: Anti.D.2 :: Anti.Faggot
AntiExe :: AntiExe ::
Antimit :: Antimit 
Antimon :: Antimon 
AntiPas :: antipas :: AntiPas.480 :: AntiPas.480 :: AntiPas.480 :: AntiPas.605 :: AntiPas.605
Anto :: anto :: Anto.1
April :: april :: April.1st.A :: April.1st.A :: April.1st.A :: April.1st.A :: April.1st.A :: April.1st.E :: April.1st.E :: April.1st.E :: April.1st.E :: April.1st.E :: April.1st.E :: April30.419.A
Arara :: arara :: Arara.1042
Arcv :: arcv :: Arcv.1060 :: Arcv.1060 :: ARCV.330 :: ARCV.4 :: ARCV.562 :: ARCV.570 :: ARCV.5 :: ARCV.718 :: ARCV.771 :: ARCV.773 :: ARCV.7 :: ARCV.827.B :: ARCV.9 :: ARCV.Anna.742 :: Arcv.Christmas :: ARCV.Ecu.711 :: Arcv.Ice.250 :: ARCV.Joanna.912 :: ARCV.Joshua :: ARCV.Made.255 :: Arcv.Zaphod
Argentina :: Argentina
Armageddon :: armageddon :: Armageddon.C :: Armageddon.C :: Armageddon.C :: Armageddon.C :: Armageddon.C :: Armageddon.C :: Armageddon.C :: Armageddon.C :: Armageddon.C
Ash :: ash :: Ash.1 :: Ash.1602 :: Ash.1604 :: Ash.266 :: Ash.266 :: Ash.449 :: Ash.451 :: Ash.712 :: Ash.737
Asp :: Asp
Astral :: Asstral
Astra :: Astra.101
AT :: at :: AT.133 :: AT.140.1 :: AT.144.A :: AT.144.B :: AT.144.C :: AT.149.B :: AT.149.B:: AT.II.114 :: ATII.118 :: AT.II.122 
Athens :: athens :: Athens.2 
Atom :: atom :: Atom.350 :: Atom.Ant
Atomic :: atomic :: Atomic.232 :: Atomic.2 :: Atomic.480 :: Atomic
Attention :: attention  :: Attention.3 :: Attention.3 :: Attention.3 :: Attention.3 :: Attention.3 :: Attention.3 :: Attention.3 :: Attention.3 :: Attention.3 :: Attention.3
Attitude :: attitude :: Attitude.548 :: Attitude.724.825 :: Attitude.724.825 :: Attitude.724.825 :: Attitude.724.825
Aurera :: aurera :: Aurea.A
Austr :: austr :: Austr.Para.1041 :: AustrPara.152 :: AustrPara.153.B :: Austr.Para.155 :: Austr.Para.162 :: Austr.Para.187 :: Austr.Para.215 :: Austr.Para.306 :: Austr.Para.338 :: Austr.Para.369 :: Austr.Para.377 :: Austr.Para.482 :: Austr.Para.491 :: Austr.Para.550 :: Austr.Para.588 :: Austr.Para.615 :: Austr.Para.615 :: Austr.Para.762 :: Austr.Para.784 :: Austr.Para.FAT :: Austr.Parasite.3 :: Austr.Para.VGADemo
AvatarAcid :: avataracid :: AvatarAcid.674
AvatarBigBang :: AvatarBigBang
Backfont :: backfont :: Backfont.905
BackForm :: backform :: BackForm2000.1
Backtime :: backtime :: Backtime.3 :: Backtime.3 :: Backtime.3 :: Backtime.3 :: Backtime.3 :: Backtime.3 :: Backtime.3 :: Backtime.3 :: Backtime.3
BadBoy :: badboy :: BadBoy.2 :: BadBoy.2 :: Badboy :: Badboy :: Badboy.d :: Badboy :: Badboy
BadBrain :: badbrain :: BadBrain.1 :: BadBrain.1 :: Badbrain :: Badbrain
BadGuy :: badguy :: BadGuy.265 :: Badguy.B :: Badguy.B
BadSectorsl :: badsec :: BadSectors1.2.2
BadTaste :: BadTaste :: BadTaste :: BadTaste :: BadTaste :: BadTaste :: BadTaste :: BadTaste :: BadTaste :: BadTaste :: BadTaste :: BadTaste :: BadTaste :: BadTaste :: BadTaste :: BadTaste :: BadTaste :: BadTaste :: BadTaste :: BadTaste :: BadTaste :: BadTaste :: BadTaste :: BadTaste :: BadTaste :: BadTaste :: BadTaste :: BadTaste :: BadTaste :: BadTaste :: BadTaste :: BadTaste :: BadTaste :: BadTaste :: BadTaste :: BadTaste :: BadTaste :: BadTaste :: BadTaste :: BadTaste
Bailey :: bailey :: Bailey.334
BananaG :: BananaG
Bandit :: bandit :: Bandit.1641 :: Bandit.1641
Baobab :: Baobab
Barrotes :: barrotes :: Barrotes.1303 :: Barrotes.2.1 :: Barrotes.2.1
Basilisk :: basilisk :: Basilisk.1639 ::
BB :: BB 
Bebe :: bebe :: Bebe.3 :: Bebe.3
Bedbug :: Bedbug ::
Beech :: beech :: Beech.439
Betaboys :: betboys :: Betaboys.1 :: Betaboys.1 :: BetaBoys.450 :: Betaboys ::
Betty :: Betty :: Betty :: Betty :: Betty
Beware :: beware :: Beware.1 :: 
BFD :: BFD :: BFD 
BigJoke :: bigjoke :: BigJoke.2
BillBoard :: BillBoard
BitAddict :: bitaddict :: BitAddict.1 :: BitAddict.515
Bizatca :: bizatca :: BIZATCA
BlackJec :: blackjec :: BlackJec.300 :: BlackJec.301 :: BlackJec.440 :: BlackJec.Sad
BlackKnight :: BlackKnight :: BlackKnight :: BlackKnight
BlackMonday :: blackmonday :: BlackMonday.4 :: BlackMonday.4 :: BlackMonday.4 :: BlackMonday.4 :: BlackMonday.4
BlackWizard :: BlackWizard :: BlackWizard
Blaze :: blaze :: Blaze.284 :: Blaze.MSK
Blink :: blink :: Blink.501
Bljec :: bljec :: Bljec.1 :: Bljec.1 :: Bljec.1 :: Bljec.1 :: Bljec.1 :: Bljec.1 :: Bljec.1 :: Bljec.1 :: Bljec.1 :: Bljec.1 :: Bljec.1 :: Bljec.1 :: Bljec.1 :: Bljec.1 :: Bljec.1 :: Bljec.1 :: Bljec.1 :: Bljec.1 :: Bljec.1 :: Bljec.1 :: Bljec.1 :: Bljec.1 :: Bljec.1 :: Bljec.1 :: Bljec.1 :: Bljec.378 :: Bljec.427 :: Bljec.441
Blood :: blood :: Blood.1
Bloodlus :: Bloodlus
BloodSugar :: BloodSugar
BlueNine :: bluenine :: BlueNine.B :: 
BNB :: BNB
Bob :: bob :: Bob.2
Boludo :: Boludo
Boo :: boo :: BOO.Helmlock
Boojum :: boojum :: Boojum.2
Bootache :: bootache :: Bootache.1024 :: Bootache.2048
Boot :: boot :: Boot.C.B.R :: Boot.C.B.R :: Boot.D.A.S :: Boot.Diskkiller :: Boot.Diskkiller :: Boot.Dropper :: Boot.Emonk :: Boot.Emonk :: Boot.Emonk :: Boot.Emonk :: Boot.Emonk :: BootExe.331 :: BootExe.331 :: Boot.ExeBug :: Boot.ExeBug :: Boot.Funface :: Boot.Funface :: Boot.Funface :: Boot.Hi.Dos :: Boot.Kiev.RXR :: Boot.K.O.H :: Boot.Nichols :: Boot.Nichols.1 :: Boot.Seventynine :: Boot.Seventynine :: Boot.Tequila.2 :: Boot.VSign :: Boot.X3A.ICE9 
BootSectorDr :: BootSectorDr :: BootSectorDr :: BootSectorDr :: BootSectorDr :: BootSectorDr :: BootSectorDr :: BootSectorDr :: BootSectorDr :: BootSectorDr :: BootSectorDr :: BootSectorDr :: BootSectorDr :: BootSectorDr :: BootSectorDr :: BootSectorDr :: BootSectorDr :: BootSectorDr :: BootSectorDr :: BootSectorDr :: BootSectorDr :: BootSectorDr::
Boys :: boys :: Boys.3 :: Boys.3
Brain :: brain :: Brain.2 :: Brain.2 :: Brain.2
Brainy :: Brainy
Brasil :: Brasil
Breeze :: Breeze
Brenda :: Brenda
Brotherhood :: brotherhood :: Brotherhood.693
Brothers :: brothers :: Brothers.3
Bryansk :: Bryansk
Bubble :: bubble :: Bubble.3
Bulgarian :: Bulgarian
Burger :: burger :: Burger.1336.c :: Burger.1336.c :: Burger.1336.c :: Burger.230.c :: Burger.382 :: Burger.382 :: Burger.382 :: Burger.382.c :: Burger.398 :: Burger.398 :: Burger.405.d :: Burger.405.d :: Burger.441 :: Burger.536 :: Burger.560.A15 :: Burger.560.A15 :: Burger.560.A15 :: Burger.560.A15 :: Burger.560.a1 :: Burger.560.a3 :: Burger.560.h :: Burger.Pirate
Burghofer :: burghofer :: Burghofer.2
Burma :: burma :: Burma.1 :: Burma.442.a :: Burma.442.A :: Burma.563
Butt :: Butt
BW :: bw :: BW.327 :: BW.553 :: BW.575 :: BW.744 :: BW.756 :: BWE :: BW.Mortir.860
CAD :: cad :: CAD.Kill.2 :: CAD.Kill.2
CALA :: CALA
Canadian :: Canadian
Cannabis :: Cannabis :: Cannabis.B :: Cannabis :: Cannabis :: 
CaptainTrips :: CaptainTrips :: CaptainTrips :: CaptainTrips :: CaptainTrips :: CaptainTrips :: CaptainTrips :: CaptainTrips :: CaptainTrips :: CaptainTrips :: CaptainTrips :: CaptainTrips :: CaptainTrips :: CaptainTrips :: CaptainTrips
Car :: Car.697
Carbuncle :: Carbuncle
Career :: career :: Career.446 :: Career.446
Carioca :: carioca :: Carioca.1
CarpeDiem :: carpediem :: CarpeDiem.1 :: CarpeDiem
Carzy :: Carzy
Cascade :: cascade :: Cascade.1661 :: Cascade.1701.S :: 
Casino :: casino :: Casino.1 :: Casino
Caterpillar :: caterpilar :: Caterpillar.1989
Catfish ::catfish :: Catfish.701BB :: Catfish.701BB
Catman :: catman :: Catman.1
CAZ :: caz :: CAZ.2 :: CAZ.2.1 :: CAZ.2.1 :: CAZ.2.1 :: CAZ.2 :: CAZ.2
CB :: cb :: CB.1530.C
CD :: CD :: 
Cfsk :: Cfsk
Chad :: chad :: Chad.1
Chameleon :: chamelion :: Chameleon.1260
Checksum :: checksum :: Checksum.100.101 :: Checksum :: Checksum
Cheeba :: cheeba :: Cheeba.1683 :: Cheeba.A.1 :: Cheeba.A.2 :: Cheeba.A :: Cheeba.A
Cheef :: cheef :: Cheef.300 :: Cheef.300
Chemist :: chemist :: Chemist.1
Chemnitz :: Chemnitz :: 
Chick :: Chick :: Chick :: Chick
Chren :: chren :: Chren.4016 :: Chren.4016
Christmas :: christmas :: Christmas.1539 :: Christmas.600 :: 
ChristmasViolator :: ChristmasViolator :: ChristmasViolator :: ChristmasViolator :: ChristmasViolator :: ChristmasViolator
Chromo :: chromo :: Chromo.20 :: Chromo :: 
Cinder :: Cinder :: Cinder
CivilWar :: civilwar :: CivilWar.126 :: CivilWar.1 :: CivilWar.144 :: CivilWar.144 :: CivilWar.213 :: CivilWar.2 :: CivilWar.2 :: CivilWar.3 :: CivilWar.4 :: CivilWar.4 :: Civil_War.561 :: Civil_War.561 :: CivilWar.6 :: CivilWar :: CivilWar.Darkra :: CivilWar.V
Ck :: Ck
Class :: Claes
Claudia :: claudia :: Claudia.8772 :: 
Clinton :: Clinton :: 
Clipper :: Clipper
Clonewar :: clonewar :: Clonewar.1 :: Clonewar.228 :: Clonewar.246 :: Clonewar.261 :: Clonewar.546 :: Clonewar.546 :: Clonewar.923.A :: Clonewar.923.A :: Close
Close :: Close
CLUSTER :: CLUSTER
C :: c :: C.Magic.2 :: C.Magic.3 :: C.Magic
Coffeeshop :: coffeeshop :: Coffeshop.1
Coib :: Coib
COM :: com :: COM16850
CommFix :: CommFix
Companion :: companion :: Companion.100 :: Companion.102 :: Companion.83
Comspec :: Comspec
Comvirus :: comvirus :: Comvirus.1.0
Constructor :: construct :: Constructor.THCK.2_0 :: Constructor.THCK.2_0 :: Constructor.THCK.2_0
Consumed :: Consumed
Cookie :: cookie :: Cookie.7360 :: Cookie.7392
Cop :: cop :: Cop.Com :: Cop.Com
Copmpl :: Copmpl
Copyright :: copyright :: Copyright.1193 :: Copyright.1193
Cossiga :: cosiga :: Cossiga.2 :: Cossiga.3 :: Cossiga.3 :: Cossiga.3 :: Cossiga.3 :: 
CPXK :: CPXK :: CPXK
CrazyImp :: crazyimp :: CrazyImp.1402 :: CrazyImp.2
Creeper :: creeper :: Creeper.3
Crew::crew :: Crew.2480.b
Criminal :: criminal :: Criminal.3 :: Criminal.3
Crucifixion :: curcif :: Crucifixion.1 :: Crucifixion :: Crusifixion.b 
Cruncher :: Cruncher
CSL :: csl :: CSL.4.2 :: CSL.4.2 :: CSL.457 :: CSL.4
C :: c :: C.Virus.19 :: C.Virus.20 :: C.Virus.5 :: C.Virus.6 :: C.Virus.packeg
Cybercid :: cybercid :: Cybercid.2 :: 
Cybercide :: cybercid :: Cybercide.1307 :: Cybercide.2256
Cyberloard :: cyberloard :: Cyberloard.1
Cybertech :: cybertech :: Cybertech.1313 :: CyberTech.1 :: CyberTech.1 :: CyberTech.2 :: CyberTech.3 :: Cybertech.914
Daboys :: DaBoys
Dad :: Dad
Daddy :: Daddy
Daemaen :: daeman :: Daemaen.c :: Daemean
Dalian :: Dalian
DAME :: dame :: DAME.Trigger.staticsig 
DanishTiny :: danishtiny :: DanishTiny.180 :: Danish_Tiny.286 :: DanishTiny.311 :: DanishTiny.Stigmata
DarkApoc :: darkapoc :: DarkApoc.1016 :: 
DarkApocalypse :: DarkApocalypse
Dark :: dark :: Dark.Avenger.1063 :: Dark.Avenger.1063 :: Dark.Avenger.1801 :: DarkAvenger.1947 :: DarkAvenger.1947 :: DarkAvenger.1947 :: DarkAvenger.1947 :: DarkAvenger.1947 :: DarkAvenger.1947 :: DarkAvenger.1947 :: DarkAvenger.1947 :: DarkAvenger.1947 :: DarkAvenger.1947 :: DarkAvenger.1947 :: DarkAvenger.1947 :: DarkAvenger.1947 :: DarkAvenger.1947 :: DarkAvenger.1947 :: DarkAvenger.1947 :: DarkAvenger.1947 :: DarkAvenger.1947 :: DarkAvenger.1947 :: DarkAvenger.1947 :: DarkAvenger.1947 :: DarkAvenger.1947 :: DarkAvenger.1947 :: DarkAvenger.1947 :: DarkAvenger.1947 :: DarkAvenger.1947 :: DarkAvenger.5 :: DarkAvenger ::
DarkEvil :: DarkEvil
Darklord :: darklord :: Darklord.2 :: Darklord.2 :: Darklord.2 :: Darklord.2 :: Darklord.3
Darkray :: darkray :: Darkray.1525
Darth :: darth :: Darth.200 :: Darth.200 :: Darth.255.b
DarthVader :: darthvader :: DarthVader.255 :: DarthVader.255 :: DarthVader.344 :: DarthVader.344 :: DarthVader.A
Datacrime :: datacrim :: Datacrime.1 :: Datacrime.1168 :: Datacrime.1168 :: Datacrime.1168 :: Datacrime.1168 :: DataCrime1280 :: DataCrime1280 :: Datacrime.1 :: Datacrime.1 :: Datacrime.1 :: Datacrime.1 :: Datacrime.1 :: Datacrime.1 :: Datacrime.II.C :: Datacrime.II.C :: Datacrime.II.C :: Datacrime.II.C
Datalock :: datalock :: Datalock.2 :: Datalock.2
Davis :: Davis
Day :: day :: Day.10 :: 
dBase :: dBase :: dBase :: dBase :: dBase :: 
DBFBlank :: DBFBlank :: DBFBlank
Dead :: Dead :: 
December24th :: December24th :: December24th
Decide :: decide :: Decide.1307 :: 
Define :: Define :: Define
Deicide :: deicide :: Deicide.1335 :: Deicide.1335 :: Deicide.1336 :: Deicide.2405 :: Deicide.2405 :: Deicide.2570 :: Deicide.358 :: Deicide.666 :: Deicide.666 :: Deicide.666 ::
DeicideII :: deicide2 :: DeicideII.gen :: DeicideII.gen.1 
Delyrium :: delyrium :: Delyrium.2 :: Delyrium.2 :: Delyrium.B :: Delyrium.Pest :: Delyrium.Pest :: Delyrium.Pest :: Delyrium.Pest
Dementia :: dementia :: Dementia.1
Demolition :: demolition :: Demolition.1
Demon :: demon :: Demon.272
Demonhyak :: demonhyak :: Demonhyak.270 :: 
Demonia :: Demonia
Denzuk :: Denzuk
Depent :: Depent
Descend :: Descend
Desperado :: desperado :: Desperado.BC
Destructor :: destructor :: Destructor.2 :: Destructor.2 :: Destructor.2
DevilsDance :: DevilsDance.2 :: DevilsDance.2 :: DevilsDance.2 :: DevilsDance.2 :: DevilsDance.2
Dewdz :: dewds :: Dewdz.2
Diamond :: diamond :: Diamond.3 :: Diamond.3 :: Diamond.3 :: Diamond.3 :: Diamond.3 :: Diamond.3 :: Diamond.3 :: Diamond.3 :: Diamond
DiamondRock :: diamondrock :: DiamondRock.gen :: DiamondRock.gen :: DiamondRock.gen
Dichotomy :: Dichotomy
Dicker :: Dicker
DieHard :: Diehard :: DieHard.3 :: 
DieLamer :: DieLamer
Digger :: digger :: Digger.600
Digipol :: Digipol
Digress :: digress :: Digress.943
Dima :: dima :: Dima.1
Dir :: dir :: Dir.2 :: Dir.2 :: Dir.2 :: Dir.2 :: Dir.522 :: Dir.II :: Dir.II :: DIRII.1024.f :: DIRII.1024.g :: DIR.II.1 :: Dir.II :: Dir.II :: Dir.II :: Dir.IIb :: Dir.IIb :: DIRII.k
Diskcom :: Discom
Diskjeb :: diskjeb :: Diskjeb.1 :: Diskjeb.1 :: Diskjeb.1 :: Diskjeb.1 :: Diskjeb.1
Diskspoiler :: Diskspoiler
DM :: dm :: DM.1
DoNothing :: donothing :: DoNothing.1 :: DoNothing.1 :: DoNothing.1
Doom :: doom :: Doom.449 :: Doom.677 :: Doom.II.A :: Doom.II.A :: Doom.II.A :: Doom.II.B.1 :: Doom.II.B :: Doom.II.B :: Doom.II.B
Doomsday :: doomsday :: Doomsday.733 :: Doomsday
DOS :: dos :: DOS..10842 :: DOS..10842 :: Dos.194 :: Dos.194 :: DOS.4mat2 :: Dos7.342 :: Dos7.376 :: Dos7.419 :: DOS.Abraxas :: DOS.Abraxas.1 :: DOS.Anke :: DOS.Arara.1057 :: DOS.Arcv.1183 :: DOS.ARCV.745 :: DOS.Arcv.839 :: DOS.ARCV.Gen :: DOS.ARCV.Gen :: DOS.ARCV.Gen :: DOS.AusTerm.3490 :: DOS.Austr_Parasite.440 :: DOS.Avispa.2048.A :: DOS.Bootdrop :: DOS.Burger :: DOS.Cascade.1704.S :: DOS.Chemmy.A :: DOS.Chemmy.B :: DOS.Cmnd.Bomber :: DOS.Cmnd.Bomber :: DOS.Cmnd.Bomber :: DOS.Doomsday.733 :: DOS.Drawn :: DOS.Dream.2000 :: DOS.Drip :: DOS.Eddie :: DOS.England.334 :: DOS.England.334 :: DOS.England.334 :: DOS.Erasembr :: DOS.FindMe :: DOS.Flip.2343 :: DOS.Flip :: Dos.Flip.Gen :: Dos.Flip.Gen :: Dos.Flip.Gen :: Dos.Flip.Gen :: Dos.Flip.Gen :: DOS.Hellr :: Doshunte :: DOS.Jerusalem.5 :: DOS.Johanna :: DOS.Leprosy.666 :: DOS.Leprosy.666 :: DOS.Leprosy.666 :: DOS.Leprosy.666 :: DOS.Neuroquila.4544.B.1 :: DOS.Neuroquila.4544.B.2 :: DOS.Neuroquila.4544.B.3 :: DOS.Neuroquila.4544.B.4 :: DOS.Neuroquila.4544.B.5 :: DOS.Neuroquila.4544.B.6 :: DOS.Neuroquila.4544.B.7 :: DOS.Neuroquila.4544.B.8 :: DOS.Ontario.1024 :: DOS.Ontario.1024.B :: DOS.Ontario.2048.B :: DOS.Ontario.2048 :: DOS.Pepper.520 :: DOS.PS.MPC.322 :: DOS.PS.MPC.323 :: DOS.PS.MPC.432 :: DOS.PS.MPC.447 :: DOS.PS.MPC.509 :: DOS.PS.MPC.857 :: DOS.PS.MPC.874 :: DOS.PS.MPC.G2.429 :: DOS.PX.2000 :: DOS.Siggen :: DOS.Simulated.Virus :: DOS.Simulated.Virus :: DOS.Simulated.Virus :: DOS.Tiny.340 :: DOS.Tony.338 :: DOS.Trivial.23 :: DOS.Trivial.24 :: DOS.Uriel :: DOS.Vgen.1 :: DOS.Vgen.2 :: DOS.Vgen.3 :: DOS.Vgen.4 :: DOS.Vgen :: DOS.X.2.Gen :: DOS.YB.2328
DotKiller :: dotkiller :: DotKiller.1 :: DotKiller.1 :: DotKiller.1 :: DotKiller.1
Double :: Double
Dracular :: Dracula
DRap20 ::drap20 :: DRap20.mem.G.1 :: 
Dreamer :: Dreamer
Dropper :: dropeer :: Dropper.1 :: Dropper.1 :: Dropper.1 :: Dropper.1 :: Dropper.1 :: Dropper.1 :: Dropper.1 :: Dropper.5
Dr :: dr :: Dr.Revenge
Drug :: drug :: Drug.985
DSPDH :: DSPDH
DualGTM :: dualgtm :: DualGTM.4 :: DualGtm
Dumb :: dumb :: Dumb.4722 :: 
Durban :: Durban :: Durban
Dutch :: dutch :: Dutch.117 :: Dutch124
DutchTiny :: dutchtiny :: DutchTiny.111 :: DutchTiny.122 :: DutchTiny.122 :: DutchTiny.126 :: DutchTiny.99
DWI :: dwi :: DWI.1051
Dy :: dy :: Dy.278
EAF :: eaf :: EAF.mem
Ear :: ear :: Ear.1025 :: Ear.1 :: Ear.2 :: Ear :: Ear.Quake
EasternDigit :: easterndigit :: EasternDigit.1600
Ebbelwoi :: ebbelwoi :: Ebbelwoi.400 :: Ebbelwoi.400 :: Ebbelwoi.400
Eddie :: eddie :: Eddie.2.A :: Eddie.2.A :: Eddie.Francis
Egg :: Egg
Ekoterror :: Ekoterror
Elephant :: Elephant
Eliza :: eliza :: Eliza.1194
EMF :: emf :: EMF.2 :: EMF.2 :: EMF.625.B
Emmie :: emmie :: Emmie.28232
Enemy :: enemy :: Enemy.2
Enemy2G :: Enemy2G
Englad :: England
Enigma :: enigma :: Enigma.1755 :: Enigma.1755 :: Enigma.1755
Enola :: enola :: Enola.1 :: Enola.1
Eraser :: Eraser :: Eraser.A :: Eraser :: 
Erasmus :: Erasmus
Estonia :: Estonia
Etc :: Etc
Eternity :: eternity :: Eternity.1 :: Eternity.411 :: Eternity.565 :: Eternity.599 :: Eternity.600 :: Eternity :: 
EUPM :: EUPM
Euro1992 :: Euro1992 :: Euro1992 :: Euro1992 :: Euro1992
EVC :: evc :: EVC.10 :: EVC.10
EvenBeep :: evenbeep :: EvenBeep.2.packed :: EvenBeep.2.packed
EvenBeeper :: evenbeeper :: EvenBeeper.2 :: EvenBeeper.2 :: EvenBeeper.2 :: EvenBeeper
Evil :: Evil :: Evil.B :: Evil.B :: Evil.B
ExeHeader :: exeheader :: ExeHeader.Cluster.277.B
Explosion :: Explosion
Extasy :: Extasy
Exterminator :: exterminator :: Exterminator.1.0 ::
F4 :: F4
Faerie :: faerie :: Faerie.2 :: Faerie
Farenheit :: Farenheit
FatherMac :: fathermac :: FatherMac.1470 :: FatherMac.1470 :: FatherMac.1496 :: FatherMac.2
FaxFree :: faxfree :: FaxFree.1536.A :: FaxFree.1536.A :: FaxFree.1536.A
Feeblemind :: Feeblemind
Feist :: feist :: Feist.1
Fellowship :: fellowship :: Fellowship.2 :: Fellowship.2
Fewster :: Fewster
FGT :: fgt :: FGT.651
Fich :: fich :: Fich.V.2.0 :: Fich.V.3
Fichv :: fichv :: Fichv.903 :: Fichv.EXE1.0 :: Fichv.EXE1.0
Filler :: Filler
Fingers :: fingers :: Fingers.1 :: Fingers.1
Finnish :: Finnish
Fire :: fire :: Fire.795
FireFly :: firefly :: FireFly.1041 :: Firefly.1 :: FireFly.987
Fish :: fish :: Fish6 :: Fish.6.B :: Fish.6.B :: Fish.6.B :: Fish.6.B
Fish_damaged :: fishdamaged :: Fish_damaged.2
Fission :: Fission
Fist :: fist :: Fist.683 :: Fist.Stranger.709.a :: Fist.Stranger.709.a
Flagyll :: flagyll :: Flagyll.316 :: Flagyll.316 :: Flagyll.369 :: Flagyll.369
Flash :: flash :: Flash.1 :: Flash.1 :: Flash.1 :: Flash.2 :: Flash.Gyorgy :: Flash.Gyorgy
Flex :: flex :: Flex.2
Flip :: flip :: Flip.2153 :: Flip.2153.D :: Flip.2343 :: Flip.2365.1
Flooder :: flooder :: Flooder.Awake.600.B :: Flooder.Awake.600.B
Flower :: flower :: Flower.883
Flue :: flue :: Flue.1
FM :: fm :: FM.1369 :: FM.1445 :: FM.1495
FoneSex :: FoneSex
Format :: Format
Freew :: Freew
Friday :: friday :: Friday.13th.C :: Friday.13th.C :: Friday.13th.C :: Friday.13th.C :: Friday.13th.C :: Friday.13th.C :: Friday.13th.C :: Friday.13th.C
FridayThe13th :: FridayThe13th
Frisk :: frisk :: Frisk.2.1 :: Frisk.2.2 :: Frisk :: Frisk.3 :: Frisk.4 :: Frisk.5 :: Frisk :: 
FrogsAlley :: FrogsAlley
Fu :: fu :: Fu.Manchu.1 :: Fu.Manchu.1 :: Fu.Manchu.1
Funeral :: Funeral
FWord :: fword :: FWord.383 :: F.Word.II :: F.Word.II
F :: f :: F.You.593 :: F.You.593 :: F.You.635 :: F.You.635 :: 
G2 :: g2 :: G2.based
Gateway :: Gateway
Geek :: Geek
Gen :: gen :: Gen.0067_ :: Gen.0100 :: Gen.0128 :: Gen.100.Years.1 :: Gen.100.Years.1 :: Gen.100.Years.1 :: Gen.100.Years.1 :: Gen.100.Years.1 :: Gen.100.Years.1 :: Gen.100.Years.1 :: Gen.100.Years.1 :: Gen.100.Years.1 :: Gen.100.Years.1 :: Gen.100.Years.1 :: Gen.100.Years.1 :: Gen.100.Years :: Gen.1028 :: Gen.1028 :: Gen.1067.A :: Gen.10Past3 :: Gen.10Past3 :: Gen.1226B :: Gen.1241 :: Gen.1355 :: Gen.1355 :: Gen.1376 :: Gen.1376 :: Gen.1376 :: Gen.1376 :: Gen.1376 :: Gen.1376 :: Gen.1376 :: Gen.1385 :: Gen.1554 :: Gen.1554 :: Gen.1554 :: Gen.1554 :: Gen.1575.B :: Gen.1575.B :: Gen.1575.B :: Gen.1575.B :: Gen.1575.B :: Gen.1575.B :: Gen.1575.B :: Gen.1575.B :: Gen.1575.B :: Gen.1575.B :: Gen.1575.B :: Gen.1575.B :: Gen.1575.B :: Gen.1575.B :: Gen.1600.C :: Gen.1600.C :: Gen.1600.C :: Gen.1600.C :: Gen.1600.C :: Gen.1600.C :: Gen.1677 :: Gen.1701.1704CascadeRelated :: Gen.1701.1704CascadeRelated :: Gen.1701.1704CascadeRelated :: Gen.1701.1704CascadeRelated :: Gen.1701.1704CascadeRelated :: Gen.1701.1704CascadeRelated :: Gen.1701.1704CascadeRelated :: Gen.1701.1704CascadeRelated :: Gen.1701.1704CascadeRelated :: Gen.1701.1704CascadeRelated :: Gen.1701.1704CascadeRelated :: Gen.1701.1704CascadeRelated :: Gen.1701.1704CascadeRelated :: Gen.1701.1704CascadeRelated :: Gen.1701.1704CascadeRelated :: Gen.1701.1704CascadeRelated :: Gen.1701.1704CascadeRelated :: Gen.1701.1704CascadeRelated :: Gen.1701.1704CascadeRelated :: Gen.1701.1704CascadeRelated :: Gen.1701.1704CascadeRelated :: Gen.1701.1704CascadeRelated :: Gen.1701.1704CascadeRelated :: Gen.1701.1704CascadeRelated :: Gen.1701.1704CascadeRelated :: Gen.1701.1704CascadeRelated :: Gen.1701.1704CascadeRelated :: Gen.1701.1704CascadeRelated :: Gen.1701.1704CascadeRelated :: Gen.1701.1704CascadeRelated :: Gen.1701.1704CascadeRelated :: Gen.1701.1704CascadeRelated :: Gen.1701.1704CascadeRelated :: Gen.1701.1704CascadeRelated :: Gen.1701.1704CascadeRelated :: Gen.1701.1704CascadeRelated :: Gen.1701.1704Cascade.VersionB :: Gen.1701.1704Cascade.VersionB :: Gen.1701.1704Cascade.VersionB :: Gen.1701.1704Cascade.VersionB :: Gen.1704.Cascade.VersionA :: Gen.1704.Cascade.VersionA :: Gen.1876.B :: Gen.1876.B :: Gen.1876.B :: Gen.1992 :: Gen.1992 :: Gen.1992.C :: Gen.1992.C.2 :: Gen.1992.C.3 :: Gen.1992.C.3 :: Gen.1992.C :: Gen.1992.C :: Gen.1992 :: Gen.2480.D :: Gen.2480.D :: Gen.300 :: Gen.3072.a :: Gen.3072.a :: Gen.3072.b :: Gen.3072.b :: Gen.316 :: Gen.3445.Stealth :: Gen.354 :: Gen.354 :: Gen.361 :: Gen.403.B :: Gen.440 :: Gen.483.C :: Gen.483.C :: Gen.483.C :: Gen.5120.B :: Gen.5120.B :: Gen.5120.B :: Gen.5120.B :: Gen.5120.B :: Gen.555.B :: Gen.555.B :: Gen.555.B :: Gen.555.B :: Gen.570.A :: Gen.570.A :: Gen.570.A :: Gen.572 :: Gen.600 :: Gen.600 :: Gen.644.B :: Gen.649 :: Gen.696 :: Gen.696 :: Gen.742 :: Gen.757 :: Gen.777Revenge :: Gen.7808 :: Gen.7808 :: Gen.7808 :: Gen.789.A :: Gen.7Solution :: Gen.7thSon.D :: Gen.801 :: Gen.801 :: Gen.801 :: Gen.805 :: Gen.8259 :: Gen.8.Tunes.A :: Gen.8.Tunes.A :: Gen.8.Tunes.A :: Gen.90210 :: Gen.905.A :: Gen.905.A :: Gen.928 :: Gen.928 :: Gen.928i
Genesis :: genesis :: Genesis.218 :: Genesis.218 :: Genesis.226cor :: Genesis.226cor :: Genesis.238 :: Genesis.295 :: Genesis.296 :: Genesis.297
GenVir :: genvir :: GenVir.1 :: GenVir.1 :: GenVir.1 :: GenVir.1 :: GenVir.1 :: GenVir.1 :: GenVir.1 :: GenVir.1 :: GenVir.1 :: GenVir.1 :: GenVir.1
GenViroverwriting :: genviroverwriting :: GenViroverwriting :: GenViroverwriting
Gergana :: gergana :: Gergana.182 :: Gergana.222 :: Gergana.300 :: Gergana.450 :: Gergana.513
Getit :: Getit
Gif :: gif :: Gif.685 :: Gif.685
Ginger :: ginger :: Ginger.2782 :: Ginger.2782
Girafe :: girafe :: Girafe.bdrop :: Girafe.cdrop :: Girafe.cdrop :: Girafe.cdrop :: 
Girl :: Girl
Gliss :: gliss :: Gliss.1 :: 
Global :: Global :: 
Goldbug :: Goldbug
Golgi :: Golgi.2 :: Golgi.2 :: Golgi.465 :: Golgi :: Golgi
Gosia :: gosia :: Gosia.4
Gotcha :: gotcha :: Gotcha.1 :: Gotcha.1 :: Gotcha.1 :: Gotcha.1 :: Gotcha.1 :: Gotcha.1 :: Gotcha.1 :: Gotcha.1 :: Gotcha.2 :: Gotcha.2 :: Gotcha.666 :: Gotcha.666 :: Gotcha.8 :: Gotcha.8 :: Gotcha.8 :: Gotcha.8 :: Gotcha.9 :: Gotcha.D :: Gotcha.D
GotYou :: GotYou
GOV :: gov :: GOV.Overwrite :: GOV.Overwrite
GP :: GP :: GP.1.A
Grapje :: grapje :: Grapje.2 :: 
Greemlin :: Greemlin
Greeting :: Greeting
Grither :: grither :: Grither.2
Grog :: grog :: Grog.1082 :: Grog.1082 :: Grog.1082 :: Grog.1082 :: Grog.1082 :: Grog.1082 :: Grog.1082 :: Grog.1082 :: Grog.1082 :: Grog.1082 :: Grog.1082 :: Grog.1082 :: Grog.1082 :: Grog
Grunt :: grunt :: Grunt.203 :: Grunt.346 :: Grunt.359 :: Grunt.427 :: Grunt.427 :: Grunt.473 :: Grunt.529 :: 
Guppy :: Guppy :: Guppy
Gusano :: Gusano
GV :: GV
G :: g :: G.Virus.1.3
Gyro :: Gyro
H :: H.1024 :: H.310
Hacker :: hacker :: Hacker.2 :: Hacker.2 :: Hacker.2 :: Hacker.2 :: Hacker.2 :: Hacker.2 :: Hacker.2 :: Hacker.2 :: Hacker.2 :: Hacker.2 :: Hacker.3 :: Hacker.3 :: Hacker.3 :: Hacker.3 :: Hacker.3
Hafen :: hafen :: Hafen.3 :: Hafen.3 :: 
Halloechen :: Halloechen :: Halloechen :: Halloechen :: Halloechen :: 
Halloween :: Halloween
Hand :: Hand
Hannibal :: Hannibal :: 
Harikiri :: Harikiri
HaryAnto :: HaryAnto
Hates :: hates :: Hates.2
Havoc :: havoc :: Havoc.1 :: Havoc :: Havoc.2
HBT :: HBT
HD :: hd :: HD.Format.1 :: HD.Format.2 :: HD.Format.2
Headache :: Headache
Hello :: hello :: Hello.402 :: Hello.402 :: Hello.545.B :: Hello.545.B
Helloween :: helloween :: Helloween.4 :: Helloween.4 :: Helloween.4
Hero :: hero :: Hero.2 :: Hero.3 :: Hero.3
HeyChris :: HeyChris
HHH :: hhh :: HHH.1 :: HHH.1 :: HHH.1 :: HHH.4093
HHHH :: hhhh :: HHHH.4087
HI :: hi :: HI.460
HideandSeek :: HideandSeek :: 
Highlander :: Highlander
Hiperion :: hiperion :: Hiperion.1 :: Hiperion.1 :: Hiperion.249 :: Hiperion.249 :: Hiperion.249
Hitchcock :: Hitchcock
Hobbit :: Hobbit
HollandGirl :: HollandGirl :: HollandGirl :: HollandGirl :: HollandGirl :: HollandGirl :: HollandGirl :: HollandGirl
Holo :: Holo
Homecoming :: Homecoming
Horns :: Horns
Horse :: horse :: Horse.8 :: Horse.A :: Horse.A :: Horse.A :: Horse.A :: Horse.A :: Horse.B :: Horse.B :: Horse.B :: Horse.B :: Horse.B :: Horse.B
Howard :: howard :: Howard.2
Hungarian :: hungarian :: Hungarian.482.B :: Hungarian.482.B
Hybrid :: Hybrid
Hydra :: hydra :: Hydra.3 :: Hydra.3 :: Hydra.3 :: Hydra.3 :: Hydra.3 :: Hydra.3 :: Hydra.3 :: Hydra.3 :: Hydra.3 :: Hydra.3 :: Hydra.3 :: Hydra.3 :: Hydra.3 :: Hydra.3 :: Hydra.3 :: Hydra.3 :: Hydra.3 :: Hydra.3 :: 
Hymn :: Hymn :: Hymn :: Hymn :: Hymn :: Hymn :: Hymn
Ice :: ice :: Ice.2
ICE :: ice :: ICE.9.A :: ICE.9.A :: ICE.9.A :: 
Icecream :: Icecream
Icelandic :: icelandic :: Icelandic.Saratoga :: Icelandic.Saratoga :: Icelandic.Saratoga :: Icelandic.Saratoga :: Icelandic.Saratoga
Ignorant :: Ignorant
IKV :: ikv :: IKV.512
IMI :: imi :: IMI.1536.A :: IMI.1536.A :: IMI.1538 :: IMI.1 :: IMI.1 :: IMI.1 :: IMI.1 :: IMI.2 :: IMI.2
Immortal :: Immortal :: Immortal
ImpotentG :: ImpotentG
Infector :: infector :: Infector.469 :: Infector.624.726
INT :: int :: INT.13.A
Int86 :: Int86
IntentDruid :: intentdruid :: IntendDruid.b
Intended :: intended :: Intended.Leprosy.TheThing.554 :: Intended.Wharps.a
Internal :: internal :: Internal.2
Intrep :: intrep :: Intrep.1092 :: Intrep.946
Intruder :: intruder :: Intruder.1 :: Intruder.1555 :: Intruder.1 :: Intruder.1 :: Intruder.1988 :: Intruder.1988 :: Intruder.1988 :: Intruder.1988 :: Intruder.1988 :: Intruder.1988 :: Intruder.1 :: Intruder.2336 :: Intruder.2336 :: Intruder.2336
IntTrivialWe :: IntTrivialWe
Invader :: invader :: Invader.1 :: Invader.1 :: Invader.1 :: Invader.1 :: Invader.1 :: Invader.1
InvisibleEvil :: InvisibleEvil
Invol :: invol :: Invol.1401 :: Invol.unG
Involuntary :: involuntary :: Involuntary.1
Ionkin :: ionkin :: Ionkin.1
Irish :: irish :: Irish.3
Iron :: Iron
Italian :: italian :: Italian.1 :: Italian.2 :: Italian.4 :: Italian.5 :: Italian.578 :: Italian.6 :: Italian.8 :: Italian :: Italian.Generic :: Italian.Generic :: Italian.Generic
Italian1 :: Italianl
ItaVir :: itavir :: ItaVir.1
It :: It
Itti :: itti :: Itti.B :: Itti.Malmsey
IVP :: ivp :: IVP.2385 :: IVP.2 :: IVP.665 :: IVP.766 :: IVP.827 :: IVP.927 :: IVP.Bubbles.684 :: IVP.Flex :: IVP.Ozzy :: IVP.Scroll.630 :: IVP.Windthing
Jabberwocky :: jabberwocky :: Jabberwocky.3 :: Jabberwocky.3 :: Jabberwocky.3
Jackel :: jackel :: Jackel.2 :: Jackel.2
Jerk :: jerk :: Jerk.Miky
Jerusalem :: jerusalem :: Jerusalem.1 :: Jerusalem.1 :: Jerusalem.1 :: Jerusalem.2.Nemesis :: Jerusalem.2.Nemesis :: Jerusalem.2.Nemesis :: Jerusalem.2.Nemesis :: Jerusalem.2.Nemesis :: Jerusalem.2.Nemesis :: Jerusalem.2.Nemesis :: Jerusalem.2.Nemesis :: Jerusalem.2.Nemesis :: Jerusalem.2.Nemesis :: Jerusalem.2.Nemesis :: Jerusalem.2.Nemesis :: Jerusalem.9 :: Jerusalem.9 :: Jerusalem.9 :: Jerusalem.9 :: Jerusalem.9 :: Jerusalem.9 :: Jerusalem.9 :: Jerusalem.9 :: Jerusalem.CVEX.1 :: Jerusalem.Einstein :: Jerusalem.Family.1 :: Jerusalem.Moctezuma :: Jerusalem.PuertoExe :: Jerusalem.PuertoExe :: Jerusalem.PuertoExe :: Jerusalem.PuertoExe :: Jerusalem.PuertoExe :: Jerusalem.USA :: Jerusalem.USA :: Jerusalem.USA :: Jerusalem.USA :: Jerusalem.USA :: Jerusalem.USA :: Jerusalem.USA :: Jerusalem.USA :: Jerusalem.USA :: Jerusalem.USA :: Jerusalem.USA :: Jerusalem.USA :: Jerusalem.USA :: Jerusalem.USA :: Jerusalem.USA :: Jerusalem.USA :: Jerusalem.USA :: Jerusalem.USA :: Jerusalem.USA :: Jerusalem.USA :: Jerusalem.USA :: Jerusalem.USA :: Jerusalem.USA :: Jerusalem.USA :: Jerusalem.USA :: Jerusalem.USA :: Jerusalem.USA :: Jerusalem.USA :: Jerusalem.USA :: Jerusalem.USA :: Jerusalem.USA :: Jerusalem.USA :: Jerusalem.USA :: Jerusalem.USA :: Jerusalem.USA :: Jerusalem.USA :: Jerusalem.USA :: Jerusalem.USA :: Jerusalem.USA :: Jerusalem.USA :: Jerusalem.USA :: Jerusalem.USA :: Jerusalem.USA :: Jerusalem.USA :: Jerusalem.USA :: Jerusalem.USA :: Jerusalem.USA :: Jerusalem.USA :: Jerusalem.USA :: Jerusalem.USA
Jo :: jo :: Jo.Jo :: Jo.Jo
Joke :: joke :: Joke.Pani :: Joke.Panic.05 :: Joker.2 :: Joke.Scr :: Joke.Scr :: Joke.Screeneater :: Joke.Spin :: 
July13th :: July13th
Junk :: junk :: Junk.Litt.Broth :: Junk.PlayGame :: Junk.Triv.25 :: Junk.Vcl.dm92
K4 :: k4 :: K4.687 :: K4.737
Kalah :: kalah :: Kalah.390 :: Kalah.390
Kali :: kali :: Kali.1 :: Kali.2 :: Kali.2 :: Kali.2
Kamikaze :: kamikaze :: Kamikaze.3
KACS4 :: KAOS4
Karin :: karin :: Karin.Redstar
Karlik :: karlik :: Karlik.1666
Kela :: kela :: Kela.2002 :: 
Kemerovo :: kamerovo :: Kemerovo.2 :: Kemerovo :: Kemerovo.2 :: Kemerovo
Kennedy :: kennedy :: Kennedy.4 :: Kennedy.4 :: Kennedy.4 :: Kennedy.4
Kenson :: kenson :: Kenson.1052
KeyboardBug :: keyboardbug :: KeyboardBug.1596 :: KeyboardBug.1596 :: KeyboardBug :: KeyboardBug
KeyKapture :: keykapture :: KeyKapture.107X :: KeyKapture.107X :: KeyKapture.923 :: KeyKapture.923
Keypress :: keypress :: Keypress.1258 :: Keypress.3 :: Keypress.II.B :: Keypress.II.B :: Keypress.II.B :: Keypress.II.B :: Keypress.II.B :: Keypress.II.B :: Keypress.II.B :: Keypress.II.B :: Keypress.II.B :: Keypress.Ufo :: Kharkov.1024
Kiev :: kiev :: Kiev.493 :: Kiev.493 :: 
Killer :: Killer :: Killer :: Killer :: Killer :: Killer :: Killer :: Killer :: Killer :: Killer :: Killer
Kiss :: kiss :: Kiss.1 :: Kiss :: 
KissG :: KissG
Kit :: kit :: Kit.1 :: Kit.1
Klaren :: Klaeren
KLF :: KLF
KO :: ko :: KO.407 :: KO.407 :: KO.407 :: KO.407
Kode :: kode :: Kode.399 :: Kode.4
Kode4 :: kode4 :: Kode4.282 :: Kode4.284 :: Kode4.287 :: Kode4.288 :: Kode.4.B :: Kode.4.B
Kohn6 :: kohn6 :: Kohn6.633 :: Kohn6.633 :: Kohn6.638 :: Kohn6.638
Kohntark :: kohntark :: Kohntark.K.CMOS.937
Komp :: Komp
Konkoor :: Konkoor :: Konkoor :: 
Kranz :: Kranz :: Kranz :: Kranz :: Kranz :: 
Kukac :: Kukac
Kuku :: kuku :: Kuku.1 :: 
Kylie :: Kylie
Lala :: LaLa
LarryonaScreen :: LarryonaScreen
Late :: late :: Late.248 :: Late.248
LAVI :: lavi :: LAVI.789 :: 
Lazy :: Lazy
LBBCV :: lbbcv :: LBBCV.Timid
Leech :: leech :: Leech.1 :: Leech.1 :: Leech.1 :: Leech.1 :: Leech.1
Lehigh :: lehigh :: Lehigh.1
Lemming :: lemming :: Lemming.1 :: Lemming.2 :: Lemming.2 :: Lemming.2 :: Lemming.2
Leningrad_II :: leningradII :: Leningrad_II.2000
Leprmut :: leprmut :: Leprmut.X
Leprosy :: leprosy :: Leprosy.1306 :: Leprosy.1580 :: Leprosy.19 :: Leprosy.321 :: Leprosy.350 :: Leprosy.350 :: Leprosy.370 :: Leprosy.570 :: Leprosy.570 :: Leprosy.664 :: Leprosy.664 :: Leprosy.664 :: Leprosy.666a :: Leprosy.666a :: Leprosy.666a :: Leprosy.666.C :: Leprosy.666.C :: Leprosy.666.C :: Leprosy.666.C :: Leprosy.800 :: Leprosy.8 :: Leprosy.8 :: Leprosy.8 :: Leprosy.8 :: Leprosy.8 :: Leprosy.8 :: Leprosy.8 :: Leprosy.AOD :: Leprosy.AOD :: Leprosy.Busted.1 :: Leprosy.Fairview :: Leprosy.H :: Leprosy.Sandra :: Leprosy.Sandra :: Leprosy.Seneca.392 :: Leprosy.Seneca.392 :: Leprosy.Surfer.2
Liberty :: liberty :: Liberty.1 :: Liberty.1 :: Liberty.1 :: Liberty.1 :: Liberty.1 :: Liberty.1 :: Liberty.1 :: Liberty.1 :: Liberty.1 :: Liberty.1 :: Liberty.1 :: Liberty.1 :: Liberty.1 :: Liberty.2
Liquid :: Liquid
Little :: little :: Little.125.b :: Little.161 :: Little.42b :: Little.44.b
LittleBrother :: littlebrother :: LittleBrother.2 :: LittleBrother.2 :: LittleBrother.2 :: LittleBrother.2 :: Little.Brother.A :: Little.Brother.B :: LittleBrother.C
LittlePieces :: littlepieces :: LittlePieces.1 :: LittlePieces.1
Live :: live :: Live.800
Loader :: loader :: Loader.TCS
Lock :: lock :: Lock.1048 :: 
LockJaw :: LockJaw :: Lockjaw.808 :: Lockjaw.808 :: Lockjaw.894 :: Lockjaw.894 :: LockJaw :: LockJaw :: LockJaw :: LockJaw
Loki :: loki :: Loki.2 :: Loki.971 :: Loki.973
Lordzer0 :: Lordzer0 :: 
LoveChild :: LoveChild :: LoveChild :: LoveChild.B3 :: LoveChild
Lowercase :: Lowercase
Lozinsky :: lozinsky :: Lozinsky.1018 :: Lozinsky.2 :: Lozinsky.2 :: Lozinsky.2
LSD :: LSD
Lsdex :: Lsdex :: 
Lucifer :: Lucifer
LV1 :: LV1 :: LV1.2G
Lyceum :: Lyceum :: Lyceum.1975
Maaike :: maaike :: Maaike.A :: Maaike.E
Macaroni :: macaroni :: Macaroni.1
Macedonia :: macedonia :: Macedonia.1
MadSatan :: madsatan :: MadSatan.19033
Maffy :: maffy :: Maffy.323 :: Maffy.323 :: Maffy.478 :: Maffy.478 :: 
Magic :: Magic :: Magic
Magnitogorsk :: magnitogorsk :: Magnitogorsk.1 :: Magnitogorsk.1 :: Magnitogorsk.1 :: Magnitogorsk.1 :: Magnitogorsk.1
Malaga :: Malaga
Malaise :: Malaise
Malaria :: Malaria
Malmsey :: malmsey :: Malmsey.495 :: Malmsey.806
Maltese_Amoeba :: Maltese_Amoeba
Mannequin :: mannequin :: Mannequin.2 :: Mannequin.2 :: Mannequin.2 :: Mannequin.2
Manola :: Manola
Manzon :: manzon :: Manzon.B
Marauder :: marauder :: Marauder.1 :: Marauder.1 :: Marauder.2 :: Marauder.560.Marl
Marked :: marked :: Marked.XWill
MarkII :: MarkII
Massacre :: Massacre
Matura_92 :: Matura_92
Max :: Max :: 
Mayak :: Mayak :: 
MayakG :: MayakG :: MayakG
Mayberry :: mayberry :: Mayberry.402.2 :: Mayberry.409 :: Mayberry.475 :: Mayberry.4965 :: Mayberry.503 :: Mayberry.609 :: Mayberry.687.2 :: Mayberry.732.2 :: Mayberry.758
Mayhem :: Mayhem
Meditation :: meditation :: Meditation.1
MegaBug :: MegaBug
Mega :: mega :: Mega.F
MegaStealth :: MegaStealth 
MemLapse :: memlapse:: MemLapse.323 :: MemLapse.366 :: MemLapse.366 :: MemLapse.375 :: MemLapse.385 :: MemLapse.385
MemoryLapse :: memorylapse :: MemoryLapse.449 :: MemoryLapse.449
MerryXmas :: MerryXmas
MetallicaII :: MetallicaII
MG :: mg :: MG.1 :: MG.3 :: MG.3 :: MG.3 :: MG.3 :: MG.3
MGTU :: mgtu :: MGTU.2 :: MGTU.2 :: MGTU.2
Mich :: Mich
Michelandrop :: Michelandrop
Michelangelo :: michelangelo :: Michelangelo.1 :: Michelangelo.1 :: Michelangelo.1 :: Michelangelo.1 :: Michelangelo.1 :: Michelangelo.1
Micro :: micro :: Micro.128.C :: Micro.128.D
Mid :: mid :: Mid.Shifter
Migram :: migram :: Migram.B
Milana :: Milana
Mimic :: mimic :: Mimic.A :: Mimic.BG
Mindless :: mindless :: Mindless.423
Mini :: mini :: Mini.1 :: Mini.123 :: Mini.127a :: Mini.139 :: Mini.139 :: Mini.176 :: Mini.176 :: Mini.2 :: Mini.31G :: Mini.44 :: Mini.45 :: Mini.93 :: Mini.93
Minimal :: minimal :: Minimal.125 :: Minimal.45
Ministry :: ministry :: Ministry.2
Minnow :: Minnow
Minsk :: minsk :: Minsk.Ghost :: 
MIR :: MIR
Mirror :: mirror :: Mirror.1 :: Mirror.1 :: Mirror.1 :: Mirror.2
Mithrandir :: mithrander :: Mithrandir.496 :: 
MIX1 :: MIX1 :: MIX1 :: MIX1.B :: MIX1.B :: MIX1.B :: MIX1 :: MIX1 :: MIX1
MIX2 :: MIX2
Mix :: mix :: Mix.664 :: Mix.664 :: Mix.664 :: Mix.664 :: Mix.664 :: Mix.664
MJU :: mju :: MJU.122 :: MJU.126 :: MJU.128
MLTI :: mlti :: MLTI.2 :: MLTI.2 :: MLTI.2 :: MLTI.2 :: MLTI.2 :: MLTI.2
MMIR :: mmir :: MMIR.1
MNem :: MNem
Mono :: mono :: Mono.2
Moonlite :: moonlite :: Moonlite.366 :: Moonlite.417 :: Moonlite.458 :: Moonlite
Mordor :: Mordor.1104
Moron :: Moron
Morordor :: Morordor
Mosquito :: mosquito :: Mosquito.1 :: Mosquito.1
MPC :: mpc :: MPC.150 :: MPC.150 :: MPC.1a.1 :: MPC.1a.2 :: MPC.1a :: MPC.2 :: MPC.3 :: Mpc.783 
MPC1a :: mpc1a :: MPC1a.2 :: MPC1a.4 :: MPC1a.5 :: MPC1a.6
MPCn :: MPCn
MPCP :: MPCP :: MPCP.1
MPC :: mpc :: MPC.Unnamed :: MPC.Unnamed :: MPC.Unnamed.2 :: MPC.Unnamed.2 :: MPC.Unnamed.2 :: MPC.Unnamed.2 :: MPC.Unnamed.2 :: MPC.Unnamed.2 :: MPC.Unnamed.2 :: MPC.Unnamed.2 :: MPC.Unnamed.2 :: MPC.Unnamed.2 :: MPC.Unnamed.2 :: MPC.Unnamed.2 :: MPC.Unnamed.2 :: MPC.Unnamed.2 :: MPC.Unnamed.2 :: MPC.Unnamed.2 :: MPC.Unnamed.2 :: MPC.Unnamed.2 :: MPC.Unnamed.2 :: MPC.Unnamed.2 :: MPC.Unnamed.2 :: MPC.Unnamed.2 :: MPC.Unnamed :: MPC.Unnamed.2 :: MPC.Unnamed.2 :: MPC.Unnamed.2 :: MPC.Unnamed :: MPC.Unnamed.2 :: MPC.Unnamed.2 :: MPC.Unnamed.2 :: MPC.Unnamed.2 :: MPC.Unnamed.2 :: MPC.Unnamed.2 :: MPC.Unnamed.2 :: MPC.Unnamed.2 :: MPC.Unnamed :: MPC.Unnamed.2 :: MPC.Unnamed.2 :: MPC.Unnamed :: MPC.Unnamed :: MPC.Unnamed :: MPC.Unnamed :: MPC.Unnamed :: MPC.Unnamed :: MPC.Unnamed :: MPC.Unnamed :: MPC.Unnamed :: MPC.Unnamed :: MPC.Unnamed :: MPC.Unnamed :: MPC.Unnamed :: MPC.Unnamed :: MPC.Unnamed :: MPC.Unnamed :: MPC.Unnamed :: MPC.Unnamed :: MPC.Unnamed
MPCV :: MPCV
MPS :: mpc :: MPS.3.1.A :: MPS.3.1.A :: MPS.OPC_1.1G :: MPS.OPC_ColG
MrTwister :: mrtwister :: MrTwister.12288
Mshark :: mshark :: Mshark.378
MSTU :: mstu :: MSTU.2 :: MSTU.2
MtE2 :: mte2 :: MtE2.staticsig :: MtE2.staticsig :: MtE2.staticsig :: MtE2.staticsig :: MtE2.staticsig :: MtE2.staticsig :: MtE2.staticsig :: MtE2.staticsig :: MtE2.staticsig :: MtE2.staticsig :: MtE2.staticsig :: MtE2.staticsig :: MtE2.staticsig :: MtE2.static
MtE :: mte :: MtE.Coffeeshop.staticsig.2 :: MtE.Darkness.staticsig.1 :: MtE.Encroacher.B :: MtE.Encroacher.B.staticsig.2 :: MtE.Fixed.staticsig :: MtE.Groove.A.staticsig :: MtE.Groove.staticsig :: MtE.Pcweevil.staticsig.1 :: MtE.Pogue.staticsig :: MtE.Shocker.staticsig.1 :: MtE.Shocker.staticsig.2
Multiface :: multiface :: Multiface.2
Multiflu :: multiflu :: Multiflu.2 :: Multiflu.813
Multiple :: Multiple
Multiplex :: multiplex :: Multiplex.815 :: Multiplex.815
Mummy :: mummy :: Mummy.1 :: Mummy.1 :: Mummy :: 
Munich :: Munich
Murphy :: murphy :: Murphy.3A :: Murphy.3A
MutatingInt :: mutatingInt :: MutatingInt.680
MutatingInterrupt :: MutatingInterrupt
Mutation :: mutation :: Mutation.241.int
Mystic :: mystic :: Mystic.377 :: Mystic.379
Nado :: nado :: Nado.Lover.531 :: Nado.Rabin.841
Nanite :: Nanite
Natas :: natas :: Natas.4744.B :: Natas.4746.B :: Natas.b :: Natas.b :: 
Naughty :: Naughty :: 
Navigator :: Navigator :: Navigator
Nazgul :: nazgul :: Nazgul.1
Nazi :: nazi :: Nazi.4240 :: Nazi.5984 :: Nazi.6128
NaziGhost :: NaziGhost.packed
Ncu :: Ncu.Li
N :: n :: N.Daemon.2
Necrfear :: Necrfear 
Necropolis :: Necropolis.1 :: Necropolis.1 :: Necropolis.1 :: Necropolis.1 :: Necropolis.1
Neurobasher :: neurobasher :: Neurobasher.B.1
Neuroquila :: Neuroquila
Neverone :: Neverone
New :: new :: New.COM.1 :: New.COM.1 :: New.COM.1 :: New.COM.1 :: New.COM.1 :: New.COM.1 :: New.COM.1 :: New.COM.1 :: New.COM.1 :: New.COM.1 :: New.COM.1
NewHaifa :: NewHaifa
NextGen :: next gen :: NextGen.2304
Nina :: nina :: Nina.1560 :: Nina.1614 :: Nina.B :: Nina.B :: Nina.B
Ninecomp :: ninecomp :: Ninecomp.1
Nines :: nines :: Nines.Comp.1
Ninja :: Ninja
Nipple :: Nipple
NJH :: njh :: NJH.LBCA
NoFrills :: NoFrills :: NoFrills.Dudley
Nogzoeen :: Nogzoeen :: 
NoHope :: Nohope
NoLimit :: NoLimit
Nomenclature :: Nomenclature
NoMonkeyControl :: NoMonkeyControl
Not :: Not
Nov30 :: Nov30
November17 :: november17 :: November17.768.A :: November17th.A :: November17th.C :: November17th.C
NPox :: npox :: NPox.1686 :: NPox.1722 :: NPox.1722 :: NPox.1844 :: NPox.2 :: NPox.2 :: NPox.2 :: NPox.2 :: NPox.2 :: NPox :: 
NRLG :: NRLG :: NRLG :: NRLG :: NRLG :: NRLG :: NRLG.based :: NRLG :: NRLG :: NRLG.Family
NTIT :: ntit :: NTIT.B :: NTIT.B
NukeHoward :: NukeHoward
Nuke :: nukepox :: Nuke.Pox.953
NuKEPoXV2 :: nukepoxv2 :: NuKEPoXV2.0 
NumberofBeaH:: NumberofBeaH
Number :: number :: Number.One.2 :: Number.One.2 :: Number.One.2
NV :: nv :: NV.71
Nygus :: nygus :: Nygus.195
Nympho :: nympho :: Nympho.1 :: Nympho.230 :: Nympho.2 :: Nympho.666
NymphoMitosis :: NymphoMitosis
Ohlala :: Ohlala
OldYankee :: oldyankee :: OldYankee.1 :: OldYankee.1 :: OldYankee.1
Omega :: omega :: Omega.437
Ondra :: Ondra
OneHalf_damaged :: OneHalf_damaged
Ontario :: ontario :: Ontario.3 :: Ontario.3 :: Ontario.512.1 :: Ontario.730
Oracle :: Oracle
Orion :: orion :: Orion.263 :: Orion.365 :: Orion.365
Oropax :: oropax :: Oropax.1 :: Oropax.1 :: Oropax.1 :: Oropax.1
orseTR :: orsetr :: orseTR.Fixit :: orseTR.Hack
OS2 :: os2 :: OS2.MyName.a
Otto :: Otto :: Otto.640 :: 
Outland :: Outland
Overdoze :: overdoze :: Overdoze.470 :: Overdoze.472
Overwrite :: overwrite :: Overwrite.17960 :: Overwrite.3008 :: Overwrite.3008 :: Overwrite.4032 :: Overwrite.4752 :: Overwrite.4752
Oxana :: oxana :: Oxana.1671
P1 :: p1 :: P1.1 :: P1.1 :: P1.1 :: P1.4
Padded :: padded :: Padded.3 :: Padded.3
Panic :: panic :: Panic.1 :: Panic.2
Parasite :: parasite :: Parasite.A
Paris :: paris :: Paris.4 :: Paris.4
Parity :: parity :: Parity.2
Pascal :: pascal :: Pascal.400 :: Pascal.400 :: Pascal.440 :: Pascal.440 :: Pascal.440 :: Pascal.529 :: Pascal.529
Path :: path :: Path.1 :: Path.Hunter.3 :: Path.Hunter.3
PCBB :: pcbb :: PCBB.1658 :: PCBB.1679.1722.1 :: PCBB.1679.1722
PceOSt :: PceOSt
PC :: pc :: PC.Flu.1 :: PC.Flu.1
PCFlu_2G :: PCFlu_2G :: PCFlu_2G :: PCFlu_2G
PC :: pc :: PC.MPC.1207
PcVrsDs :: PcVrsDs
Peach :: peach :: Peach.2 :: Peach
Pebble :: Pebble
Perfume :: perfume :: Perfume.765 :: Perfume.765 :: 
Pest :: Pest :: Pest :: Pest :: Pest
Pfeiffer :: pfeiffer :: Pfeiffer.Scramble
Phalcon :: phalcon :: Phalcon.1117dr :: Phalcon.1 :: Phalcon.1 :: Phalcon.5 :: Phalcon.5 :: Phalcon.5 :: Phalcon.5 :: Phalcon.Ministry
Phantom :: phantom :: Phantom.4
PHB :: phb :: PHB.4461
Phoenix :: Phoenix :: Phoenix.P1 :: Phoenix.P1 :: Phoenix.P1 :: Phonix
Phunnie :: Phunnie
Phx :: Phx
Pif :: pif :: Pif.paf.760
Pinky :: pinky :: Pinky.A :: Pinky.B
Piter :: piter :: Piter.2 :: Piter.2 :: Piter.2 :: Piter.2 :: Piter.2 :: Piter.2 :: Piter.2 :: Piter.2 :: Piter.2
Pixel :: pixel :: Pixel.10 :: Pixel.10 :: Pixel.11 :: Pixel.11 :: Pixel.1271 :: Pixel.12 :: Pixel.14 :: Pixel.1686 :: Pixel.296 :: Pixel.296 :: Pixel.296 :: Pixel.296 :: Pixel.296 :: Pixel.296 :: Pixel.296 :: Pixel.296 :: Pixel.296 :: Pixel.296 :: Pixel.296 :: Pixel.296 :: Pixel.296 :: Pixel.296 :: Pixel.300 :: Pixel.550 :: Pixel.7 :: Pixel.852 :: Pixel.852 :: Pixel.936 :: Pixel.936 :: Pixel.936 :: Pixel.936 :: Pixel.936.A :: Pixel.936.A :: Pixel.936
Pizzolla :: Pizzolla
Plaice :: plaice :: Plaice.1273 :: Plaice.1273 :: Plaice.1273 :: Plaice.1273 :: Plaice7 :: Plaice7 :: Plaice :: Plaice :: 
Plaque :: Plaque :: Plaque :: Plaque :: Plaque
Plastique :: plastique :: Plastique.1 :: Plastique.1 :: Plastique.1 :: Plastique.1 :: Plastique.1 :: Plastique.1 :: Plastique.1 :: Plastique.1 :: Plastique.2 :: Plastique.2 :: Plastique.2 :: Plastique.2 :: Plastique.2 :: Plastique.2 :: Plastique.2 :: Plastique.2 :: Plastique.2 :: Plastique.3 :: Plastique.5 :: Plastique.5 :: Plastique.5 :: Plastique.5 :: Plastique.5
Platinum :: platinum :: Platinum.1 :: Platinum.1
PLO :: PLO
Plovdiv :: plovdiv :: Plovdiv.1.3 :: Plovdiv.3 :: Plovdiv.3 :: Plovdiv.3
Poem :: poem :: Poem.2 :: Poem.2
Pogue :: Pogue
Pojer :: pojer :: Pojer.1919.1 :: Pojer.1935 :: Pojer.1941 :: Pojer.1949
Polimer :: polimer :: Polimer.1 :: Polimer.1
Polish :: polish :: Polish.217.B :: Polish.45 :: Polish.583 :: Polish.583 :: Polish.583 :: Polish.583
PoorMan :: PoorMan
Possessed :: posessed :: Possessed.E :: Possessed.E :: Possessed.E :: Possessed.E :: Possessed.E :: Possessed.E :: Possessed.E :: Possessed.E :: Possessed.E :: Possessed.E
PowerPump :: powerpump :: PowerPump.1 :: 
Praying :: Praying
Predator :: Predator :: Predator.1063 :: Predator.1072 :: Predator.1148 :: Predator.1195 :: Predator.2248 :: Predator :: Predator
Pregnant :: pregnant :: Pregnant.1199
Pretoria :: pretoria :: Pretoria
Prime  :: Prime
Prism :: Prism
Problem :: problem :: Problem.855 :: Problem.856
Prodigy :: prodigy :: Prodigy :: 
Protecto :: Protecto
ProtoT :: protoT :: ProtoT.1050 :: Proto.T.901
PRSC1024 :: PRSC1024
Prudents :: prudents :: Prudents.1 :: Prudents.1
PSKO :: PSKO
PS :: ps :: PS.MPC.001 :: PS.MPC.003 :: PS.MPC.004 :: PS.MPC090B.1 :: PS.MPC090B.1 :: PS.MPC090B :: PS.MPC.311 :: PS.MPC.326 :: PS.MPC.331 :: PS.MPC.349 :: PS.MPC361 :: PS.MPC.481 :: PS.MPC.534 :: PS.MPC.778 :: PS.MPC.780 :: PS.MPC7 :: PS.MPC.Aaron :: PS.MPC.Abraxas.1341 :: PS.MPC.Abraxas :: PS.MPC.Abraxas.2010 :: PS.MPC.Abx.1520 :: PS.MPCAlie.733 :: PS.MPCAlie.733 :: PS.MPC.based.1 :: PS.MPC.based :: PS.MPC.Doggy :: PS.MPC.Ear.1024.c :: PS.MPC.Ear.1024.F :: PS.MPC.Eclypse.1 :: PS.MPC.Eclypse.2 :: PS.MPC.Eclypse :: PS.MPC.Gen.1 :: PS.MPC.Gen.2 :: PS.MPC.Gen.3 :: PS.MPC.Gen.3 :: PS.MPC.Gen.3 :: PS.MPC.Gen.3 :: PS.MPC.Gen.3 :: PS.MPC.Gen.3 :: PS.MPC.Gen.3 :: PS.MPC.Gen.3 :: PS.MPC.Gen.3 :: PS.MPC.Gen.3 :: PS.MPC.Gen.3 :: PS.MPC.Gen.3 :: PS.MPC.Gen.3 :: PS.MPC.Gen.3 :: PS.MPC.Gen.3 :: PS.MPC.Gen.3 :: PS.MPC.Gen.3 :: PS.MPC.Gen.3 :: PS.MPC.Gen.4 :: PS.MPC.Gen :: PS.MPC.Ironhoof.B :: PS.MPC.McWhale.1 :: PS.MPC.McWhale.1 :: PS.MPC.McWhale :: PS.MPC.Yam.1136 :: PS.MPC.Z10 :: PS.MPC.Z10.1 :: PS.MPC.Z10 :: PS.MPC.Z10 :: PS.MPC.Z10 :: PS.MPC.Z10 
PSMPC :: psmpc :: PSMPC.5652 :: PSMPC.5652 :: PSMPC.5652 :: PSMPC.5652 :: PSMPC.5652 :: PSMPC.5652 :: PSMPC.5652 :: PSMPC.5652 :: PSMPC.5652 :: PSMPC.5652 :: PSMPC.5652 :: PSMPC.5652 :: PSMPC.5652 :: PSMPC.5652 :: PSMPC.5652 :: PSMPC.5652 :: PSMPC.5652 :: PSMPC.5652 :: PSMPC.5652 :: PSMPC.5652 :: PSMPC.5652 :: PSMPC.5652 :: PSMPC.5652 :: PSMPC.5652 :: PSMPC.5652 :: PSMPC.5652 :: PSMPC.5652 :: PSMPC.5652 :: PSMPC.5652 :: PSMPC.5652 :: PSMPC.5652 :: PSMPC.5652 :: PSMPC.5652 :: PSMPC.5652 :: PSMPC.5652 :: PSMPC.5652 :: PSMPC.5652 :: PSMPC.5652 :: PSMPC.5652 :: PSMPC.5652 :: PSMPC.5652 :: PSMPC.5652 :: PSMPC.5652 :: PSMPC.5652 :: PSMPC.5652 :: PSMPC.5652 :: PSMPC.5652 :: PSMPC.5652 :: PSMPC.5652 :: PSMPC.5652 :: PSMPC.5652 :: PSMPC.5652 :: PSMPC.5652 :: PSMPC.5652 :: PSMPC.5652:: PSMPC.AOS.3 :: PSMPC.AOS.3 :: PSMPC.Spunk :: PSMPC.Spunk :: PSMPC.Spunk :: PSMPC.Spunk :: PSMPC.Spunk :: PSMPC.Spunk :: PSMPC.Spunk :: PSMPC.Spunk :: PSMPC.Spunk :: PSMPC.Spunk :: PSMPC.Spunk :: PSMPC.Spunk :: PSMPC.Spunk :: PSMPC.Spunk :: PSMPC.Spunk :: 
PSQR :: PSQR :: PSQR
Psycho :: psycho :: Psycho.2 :: Psycho.5
Psychosis :: psychosis :: Psychosis.1202
QD :: qd :: QD.335 :: QD.335
QFat :: Qfat :: QFat.28 :: QFat
QKey :: qkey :: QKey.3
QMagick :: QMagick
QRabid :: QRabid :: QRabid.BTW.2 :: QRabid.BTW.2 :: QRabid.BTW.2
Quad :: quad :: Quad.981
Quake :: Quake
Quantas :: Quantas
Quasar :: Quasar
Queeg :: Queeg
Quell :: Quell
Quiet :: quiet :: Quiet.4
Quinine :: Quinine
Quit :: quit :: Quit.2 :: Quit.2
Radish :: radish :: Radish.8444 :: Radish.8466
Radyum :: radyum :: Radyum.1 :: Radyum.2 :: Radyum.502 :: Radyum
Rael :: Rael
Rage :: rage :: Rage.486
RamVir :: RamVir
Rape :: rape :: Rape.1 :: Rape.1 :: Rape.1 :: Rape.1882 :: Rape.1 :: Rape.2 :: Rape.2877 :: Rape.2877 :: Rape.2887 :: Rape.2887 :: Rape.486 :: Rape.Info
Rat :: rat :: Rat.1 :: Rat.1
Ratboy :: ratboy :: Ratboy.463
Raubkopie :: Raubkopie :: Raubkopie :: Raubkopie :: Raubkopie.COM :: Raubkopie.COM
Ravage :: Ravage
Reboot :: Reboot
RedSpider :: RedSpider
Redstar :: Redstar :: 
Redx :: Redx :: Redx :: Redx :: Redx :: Redx :: Redx
Relzfu :: relzfu :: Relzfu.2
Rencodes :: Rencodes
Rigor :: Rigor
Riot :: Riot.14 :: Riot.378 :: Riot.789.b :: Riot.823 :: Riot :: RiotCoke :: Riot.Dropper :: Riot.Face.565 :: Riot.MarkedX :: RIOTRIO_1435
Ritzen :: ritzen :: Ritzen.1088 :: Ritzen.1098 :: Ritzen
RNA :: rna :: RNA.1 :: RNA.3
Rob :: rob :: Rob.B :: 
rojan :: rojan :: rojan
Rosen :: Rosen
Rubb :: rubb :: Rubb.10 :: Rubb.15.20.21 :: Rubb.15.20.21 :: Rubb.15.20.21 :: 
Rushhour :: Rushhour
RussianTiny :: russiantiny :: RussianTiny.F
Rust :: Rust
Saddam :: sadam :: Saddam.4 :: Saddam.4
Sadost :: sadost :: Sadist.2
Sandra :: Sandra :: 
Saratoga :: Saratoga :: Saratoga
Satan :: satan :: Satan2.02 :: Satan2.02 :: Satan2.03 :: Satan3.00 :: Satan3.00 :: Satan3.01 :: Satan3.06 :: Satan.602 :: Satan.613
SatanBug :: SatanBug
Sathanyc :: sathanyc :: Sathanyc.Necrop :: Sathanyc.Necrop :: Sathanyc.Necrop :: Sathanyc.Necrop :: Sathanyc.Necrop :: 
S :: S.Cadet
Scitzo :: scitzo :: Scitzo.1285
ScottsValley :: scottsvalley :: ScottsValley.2 :: ScottsValley.2
Screamer :: screamer :: Screamer.711 :: Screamer.711 :: Screamer.II.B
ScreamF2B :: screamF2B :: ScreamF2B.1G
Scr :: scr :: Scr.Fist.II.696
Scribble1 :: scrb :: Scribble1.0
Scropion :: Scropion
Scythe2Boot :: Scythe2Boot
Search :: search :: Search.288
Secrets :: Secrets
Sector :: sector :: Sector.Zero
Self :: self :: Self.457
Semtex :: semtex :: Semtex.1 :: Semtex.1 :: Semtex.1 :: Semtex.B
Seneca :: seneca :: Seneca.1 :: Seneca.1 :: Seneca.1 :: Seneca.2 :: Seneca.2 :: Seneca :: Seneca
Sense :: Sense
Sentinel :: sentinel :: Sentinel.6 :: Sentinel.6 :: Sentinel.6 :: Sentinel.6 :: Sentinel.6 :: Sentinel.6 :: Sentinel.6 :: Sentinel.6 :: Sentinel.6 :: Sentinel.6 :: Sentinel.6 :: Sentinel.6
Servant :: Servant
Setrculius :: setrc :: Setrculius.3
SeventhSon :: seventhson :: SeventhSon.284 :: SeventhSon.2 :: 
SeventhSon350 :: SeventhSon350 :: SeventhSon350
Shadow :: shadow :: Shadow.1200
Shadowbyte :: shadowbyte :: Shadowbyte.2 :: Shadow.Byte.3
Shake :: shake :: Shake.3 :: Shake.3 :: 
Shark :: Shark
Shek :: Shek :: 
SHHS :: SHHS
Shifter :: shifter :: Shifter.760 :: Shifter.760
Shiny :: shiny :: Shiny.3 :: Shiny.921 :: 
Shirley ::  Shirley.Vivaldi :: Shirley.Vivaldi
Signs :: Signs
Silence :: silence :: Silence.1 :: Silence
Silly :: silly :: Silly.215 :: Silly.2256 :: Silly.8 :: Silly.877 :: Silly.877
SillyC :: sillyc :: SillyC.103 :: SillyC.106 :: SillyC.113 :: SillyC.139 :: SillyC.1 :: SillyC.468 :: SillyC.737
SillyCOM :: sillycom :: SillyCOM.290 :: SillyCOM.290
SillyCr :: silly :: SillyCr.145
SillyIce :: sillyice :: SillyIce.159 :: SillyIce.199 :: SillyIce.199 :: SillyIce.224 :: SillyIce.224
Silver :: silver :: Silver.1547 :: Silver.1644 :: Silver.1874
SilverDollar :: silverdollar :: SilverDollar.1
Simple :: simple :: Simple.128.T.1000 :: Simple.128.T.1000 :: Simple.195
Simplex :: Simplex
Simulation :: Simulation
Sirius :: sirius :: Sirius.545 :: Sirius.545
Siskin :: Siskin
Sistor :: sistor :: Sistor.1149 :: Sistor.2225.B :: Sistor.2380.B :: Sistor.2630 :: Sistor.3009 :: 
SK :: SK :: SK :: SK :: SK :: SK.A :: SK.A
Skid :: skid :: Skid.A
SkidRow :: skidrow :: SkidRow.415 :: SkidRow.418 :: SkidRow.432
Skism :: skism :: Skism.1992 :: Skism.1993 :: Skism.1994 :: Skism.1994 :: Skism.808 :: Skism.808 :: Skism808G
Slimeline :: Slimeline
Slovakia :: slov :: Slovakia.1956 :: Slovakia.2041 :: Slovakia.2041 :: Slovakia.9
Slow :: slow :: Slow.1 :: Slow.1 :: Slow.1
SlowDown :: SlowDown
Slugger :: Slugger :: 
Smack :: Smack
Small :: small :: Small.130.gen :: Small.130.gen :: Small.130.gen :: Small.130.gen :: Small.130.gen :: Small.130.gen :: Small.130.gen :: Small.130.gen :: Small.130.gen :: Small.130.gen :: Small.130.gen :: Small.130.gen :: Small.130.gen :: Small.130.gen :: Small.130.gen :: Small.130.gen :: Small.130.gen :: Small.130.gen :: Small.130.gen :: Small.130.gen :: Small.130.gen :: Small.130.gen :: Small.130.gen :: Small.130.gen :: Small.130.gen :: Small.130.gen :: Small.130.gen :: Small.130.gen :: Small.130.gen :: Small.130.gen :: Small.130.gen :: Small.130.gen :: Small.130.gen :: Small.130.gen :: Small.130.gen :: Small.130.gen :: Small.130.gen :: Small.130.gen :: Small.130.gen :: Small.130.gen :: Small.130.gen :: Small.130.gen :: Small.130.gen :: Small.130.gen :: Small.130.gen :: Small.130.gen :: Small.130.gen :: Small.130.gen :: Small.130.gen :: Small.130.gen :: Small.130.gen :: Small.130.gen :: Small.130.gen :: Small.130.gen :: Small.130.gen :: Small.130.gen :: Small.130.gen :: Small.130.gen :: Small.130.gen :: Small.130.gen :: Small.130.gen :: Small.130.gen :: Small.130.gen :: Small.130.gen :: Small.130.gen :: Small.130.gen :: Small.130.gen :: Small.130.gen :: Small.130.gen :: Small.130.gen :: Small.130.gen :: Small.130.gen :: Small.130.gen :: Small.130.gen :: Small.130.gen :: Small.130.gen :: Small.130.gen :: Small.130.gen :: Small.132.c :: Small.263
SMan :: SMan
Smash :: smash :: Smash.2
Smeg03 :: smeg :: Smeg03.staticsig
SMEG :: smeg :: SMEG.Pathogen.staticsig.2
Smiley :: smiley :: Smiley.2
Smob :: smob :: Smob.1A
Socha :: Socha
Solano :: solano :: Solano.B1 :: Solano.B1 :: Solano.B1
Something :: something :: Something.658
SOTL :: sotl :: SOTL.mem.G
Soupy :: Soupy
SouthAfrican416 :: SouthAfrican416
Sov :: sov :: Sov.A :: Sov.A :: Sov.B :: Sov.B :: 
Spanish :: Spanish :: Spanish :: Spanish :: Spanish.Telecom.1 :: Spanish.Telecom.1
Sparkle :: Sparkle
Sparse :: Sparse
Spawnie :: Spawnie
Split :: split :: Split.2
Spunk :: Spunk
Spyer :: spyer :: Spyer.2 :: Spyer.2 :: Spyer.2 :: Spyer.2 :: Spyer.2 :: Spyer.2 :: Spyer.2 :: Spyer.2 :: Spyer.2 :: Spyer.2
Squawk :: squawk :: Squawk.1
Squisher :: Squisher
Staff :: staff :: Staff.1
Stahlplatte :: stahlplatte :: Stahlplatte.750
STAL1215 :: STAL1215
Star :: star :: Star.Dot.3 :: Star.Dot.3 :: Star.Dot.801 :: Star.Dot.801 :: Star.Dot.801 :: Star.Dot.801 :: Star.Dot.801 :: 
Star_One :: Star_One :: 
Starship :: Starship
Sterculius :: sterculius :: Sterculius.1 :: Sterculius.2 :: Sterculius.4
Sticky :: Sticky
Stimp :: Stimp :: 
Stinkfoot :: stinkfoot :: Stinkfoot.1
Stoned :: stoned :: Stoned.2 :: Stoned.2 :: Stoned.2 :: Stoned.2 :: Stoned.2 :: Stoned.2 :: Stoned.2 :: Stoned.2 :: Stoned.2 :: Stoned.2 :: Stoned.2 :: Stoned.2 :: Stoned.2 :: Stoned.2 :: Stoned.2 :: Stoned.2 :: Stoned.2 :: Stoned.2 :: Stoned.2 :: Stoned.2 :: Stoned.2 :: Stoned.2 :: Stoned.2 :: Stoned.2 :: Stoned.2 :: Stoned.2 :: Stoned.2 :: Stoned.2 :: Stoned.2 :: Stoned.2 :: Stoned.2 :: Stoned.2 :: Stoned.2 :: Stoned.2 :: Stoned.2 :: Stoned.A
Stsv :: stsv :: Stsv.200
Suck :: Suck
Suicidal :: Suicidal
Suicide :: suicide :: Suicide.2048
Sunday :: sun :: Sunday.2.2877 :: Sunday.4 :: Sunday.4 :: Sunday.4 :: Sunday.4 :: Sunday.4 :: Sunday.4
Sundevil :: sunde :: Sundevil.1 :: Sundevil.762
Sunrise :: Sunrise
Sunset :: s :: Sunset.1
Suomi :: Suomi
Suriv :: sur :: Suriv.3.00
Surrender :: su :: Surrender.1
Survive :: s :: Survive
Susan :: s :: Susan.1
SVC ::sv :: SVC.3112 :: SVC.3112 :: SVC.3112 :: SVC.3.1 :: SVC.3.1 :: SVC.3.1 :: SVC40.A :: SVC.5.0.A :: SVC.5.0.A :: SVC.5.0.A :: SVC.5.0.A :: SVC.5.0.A :: SVC.5.0.A :: SVC.6.0.B :: SVC.6.0.B :: 
Sverdlov :: Sverdlov.3 :: Sverdlov.3 :: Sverdlov.3 :: Sverdlov.3
S ::s :: S.Vir.4
SwedishDisaster :: SwedishDisaster 
Swiss :: sw:: Swiss.143.A
Switch :: Switch
Syslock :: Syslock.2 :: Syslock.2 :: 
Syslock3551 :: Syslock3551 :: Syslock3551 :: Syslock3551 :: Syslock3551 :: Syslock3551 :: 
Sze :: Sze
I1400 :: T1400
T4 :: T4
Tack :: tac :: Tack.478
TaiPan :: taipan :: TaiPan.438.A :: TaiPan.666.B
Taiwan :: taiwan :: Taiwan.1 :: Taiwan.709 :: Taiwan.752 :: 
TalkingHeads :: TalkingHeads :: TalkingHeads
TBS :: tbs :: TBS.10 :: TBS.7
Telecom :: telecom :: Telecom.3784
Teller :: Teller
Ten :: ten :: Ten.Bytes
Tequila :: tequila :: Tequila.2468
Terminator :: term :: Terminator.1
Terror :: ter :: Terror.2
Test :: test :: Test.Virus.C :: Test.Virus.C
Thor9 :: Thor9
Thursday12th :: Thursday12th :: Thursday12th
Tic :: Tic.1 :: Tic.1 :: Tic.1 :: Tic.1
Timemark :: time :: Timemark.1062 :: Timemark.1062 :: Timemark.1076
Timeslice :: timeslice :: Timeslice.1
Timid :: Timid.305 :: Timid.305 :: Timid.305 :: Timid.305.b :: Timid.306 :: Timid.306 :: Timid.306 :: Timid.306 :: Timid.306 :: Timid.306 :: Timid.306 :: Timid.306 :: Timid.306
Tiny :: tiny :: Tiny.155 :: Tiny.155 :: Tiny.155 :: Tiny.155 :: Tiny.155 :: Tiny.155 :: Tiny.155 :: Tiny.155 :: Tiny.155 :: Tiny.155 :: Tiny.155 :: Tiny.163.A :: Tiny.163.A :: Tiny.251 :: Tiny.290 :: Tiny.290 :: Tiny.308 :: Tiny.97 :: Tiny.Brenda :: Tiny :: Tiny.Di.310 :: Tiny.Di.310 :: Tiny.Di.310 :: Tiny.Di.310 
TinyDI :: tinydi :: TinyDI.102 :: TinyDI.109 :: TinyDI.111:: TinyDI.95
TinyFamily1 :: TinyFamily1 :: TinyFamily1 :: TinyFamily1 :: TinyFamily1 :: 
TinyFamily2 :: TinyFamily2 :: TinyFamily2 :: TinyFamily2 :: TinyFamily2 :: TinyFamily2 :: TinyFamily2 :: TinyFamily2 :: TinyFamily2 :: TinyFamily3 :: TinyFamily3 :: Tiny.Mutant 
TinyFamily3 :: TinyFamily3 :: TinyFamily3
Tiso :: tiso :: Tiso.2
TME :: TME
Tmtm :: tmtm :: Tmtm.441
Tokyo :: Tokyo
Tomy :: Tomy
Tony :: tony :: Tony.200 :: Tony.B.2
Tormentor :: tormentor :: Tormentor.476
Totor :: Totor.A.B :: Totor.A.B :: Totor.A.B
TPE :: TPE :: TPE.Bosnia.staticsig :: TPE.Girafe.A.staticsig :: TPE.mem.staticsig
Traceback :: traceback :: Traceback.3030 :: Traceback.3 :: Traceback.3 :: Traceback.3 :: Traceback.3 :: Traceback.3 :: Traceback.3
Trackswap :: Trackswap
Trakia :: trak :: Trakia.1070
Traveller :: trav :: Traveller.2 :: Traveller.2 :: Traveller.2
TravellingJack :: trjack :: TravellingJack.2 :: TravellingJack.2
Trident :: trident :: Trident.454 :: Trident.611 :: Trident.Beverly ::
TridentNumber :: TridentNumber.6 :: TridentNumber.6
Trivial :: trivial :: Trivial.102 :: Trivial.125.c :: Trivial.127 :: Trivial.177 :: Trivial.229 :: Trivial.22 :: Trivial.25 :: Trivial.26 :: Trivial.27 :: Trivial.27.B :: Trivial.28 :: Trivial.28.A :: Trivial.28.B :: Trivial.29.b :: Trivial.29.e :: Trivial.29.e :: Trivial.30.D :: Trivial.30.F1 :: Trivial.31 :: Trivial.31.B :: Trivial.31.c :: Trivial.342 :: Trivial.344 :: Trivial.346 :: Trivial.36.a :: Trivial.36.b :: Trivial.36.c :: Trivial.37.A :: Trivial.39 :: Trivial.39.c :: Trivial.40.F :: Trivial.40.g :: Trivial.42 :: Trivial.42.B :: Trivial.42.B :: Trivial.42.d :: Trivial.42.f :: Trivial.42.g :: Trivial.43.b :: Trivial.44.A :: Trivial.46.E :: Trivial.46.E :: Trivial.46.E :: Trivial.54 :: Trivial.64 :: Trivial.66 :: Trivial.67.c :: Trivial.68 :: Trivial.75 :: Trivial.98 :: Trivial.98 :: Trivial.Ansibomb :: Trivial.Hasting :: Trivial.Mini35 :: Trivial.Vootie :: Trivial.Vootie.B
TrivMaterial :: TrivMaterial 
Troi :: troi :: Troi.4 :: Troi.4 :: Troi.4
Tron :: Tron
Trust :: tr :: Trust.2356
Tula :: tula :: Tula.420
Tumen :: tum :: Tumen.1.2 :: Tumen.1 :: Tumen.5.A
TUQ :: TUQ.RPVS :: TUQ.RPVS
Turbo :: Turbo.448.A :: Turbo.448.A
TurboHamster :: TurboHamster
Twin :: Twin 
Typo :: Typo.1 :: Typo.1 :: Typo.1 :: Typo.1 :: Typo.1 :: Typo.1 :: Typo.1
Ungame :: Ungame
Uniq :: uniq :: Uniq.309
Unnamed ::unnamed :: Unnamed.3 :: Unnamed.6 
uperWorm :: up :: uperWorm.393
USSR :: ussr :: USSR.1049.D :: USSR.1049.D :: USSR.1049.D :: USSR.1049.D :: USSR.1049.D :: USSR.1049.D :: USSR.1049.D :: USSR.1049.D :: USSR.1049.D :: USSR.1049.D :: USSR.1049.D :: USSR.1049.D :: USSR.1049.D :: USSR.1049.D :: USSR.1049.D :: USSR.1689 :: USSR.1689 :: USSR.1689 :: USSR.1689 :: USSR.1689 :: USSR.1689 :: USSR.2144.B :: USSR.2144.B :: USSR.2144.B :: USSR.2144.B :: USSR.2144.B :: USSR.311.D :: USSR.492 :: USSR.492 :: USSR.516.B :: USSR.516.B :: USSR.516.B :: USSR.516.B :: USSR.516.B :: USSR.707.B :: USSR.711 :: USSR.711 :: USSR.711 :: USSR.948.B :: USSR.948.B :: USSR.948.B :: USSR.948.B :: USSR.948.B
V :: v :: V.1L :: V.1L :: V.1L
V1244 :: V1244:: V.1241
V191 :: V191  :: 
V2000 :: V2000 :: V2000 :: V2000 :: V2000 :: V2000 :: V200.B :: 
V207X.Mutant :: V207X.Mutant :: 
V2100 :: V2100.B :: V2100.B
V268plus :: V268plus
V2P6 :: v2p:: V2P6.a
V2PX :: v2px :: V2PX.1260b :: V2PX.1620 :: V2Px
V1 :: V.337 :: V.337 :: V.384 :: V.391 :: V.405.a :: V.405.a :: V.512.a :: V.512.a :: V.512.a :: V.512.a :: V.512.a :: V.512.a :: V.512.a :: V.512.b :: V.512.b :: V.512.c :: V.512.d :: V.512.e :: V.512.e :: V.512.e :: V.512.f :: V.512.g :: V.512.i :: V.512.j :: V.981 :: V.981 :: 
Vacsina :: Vacsina.2 :: Vacsina.2 :: Vacsina.2 :: Vacsina.2 :: Vacsina.2 :: Vacsina.2 :: Vacsina.2 :: Vacsina.4
Varicell :: Varicell
VCL :: vcl :: VCL.20372 :: Vcl.375 :: VCL.394 :: VCL.394 :: VCL.394 :: VCL.394 :: VCL.394 :: VCL.394 :: VCL.408 :: VCL.5 :: VCL.based.trojan.1 :: VCL.based.trojan :: VCL.Demented :: VCL.Deranged :: VCL.Dome3 :: VCLF.314 :: Vclg.214 :: VCL.Heeva :: VCL.Herb :: VCL.II3 :: VCL.O.371 :: VCL.Parks :: VCL.Shirley
VCLYankee2 :: VCLYankee2 :: 
VComm :: vcom :: VComm.2 :: VComm.3 :: 
VengG :: VengG :: 
VGEN :: VGEN.0.0 :: VGEN.10.0 :: VGEN.103.512 :: VGEN.1043.0 :: Vgen.104 :: VGEN.1053.387 :: VGEN.1054.35 :: VGEN.1058.0 :: VGEN.1058.0 :: VGEN.1059.512 :: VGEN.1063.512 :: Vgen.1065 :: VGEN.1075.92 :: VGEN.1076.92 :: VGEN.1078.48 :: VGEN.1081.0 :: VGEN.1083.512 :: VGEN.110.512 :: VGEN.1107.0 :: VGEN.11.0 :: VGEN.1129.0 :: VGEN.1131.15 :: VGEN.1135.29 :: Vgen.114 :: Vgen.115 :: VGEN.116.0 :: VGEN.117.0 :: VGEN.1179.512 :: VGEN.1179.512 :: VGEN.118.32 :: VGEN.119.256 :: VGEN.119.256 :: VGEN.12001.726 :: VGEN.12049.512 :: VGEN.12049.512 :: VGEN.124.512 :: VGEN.125.363 :: VGEN.127.0 :: VGEN.1289.512 :: Vgen.130 :: VGEN.132.0 :: VGEN.132.0 :: VGEN.1328.501 :: VGEN.133.0 :: Vgen.1334 :: Vgen.1334 :: Vgen.1334 :: Vgen.1334 :: Vgen.1334 :: Vgen.1334 :: Vgen.1334 :: VGEN.134.0 :: VGEN.135.460 :: VGEN.135.460 :: VGEN.136.32 :: VGEN.137.0 :: VGEN.13786.749 :: VGEN.13920.5 :: VGEN.13920.5 :: VGEN.13940.64 :: VGEN.14016.512 :: VGEN.14016.512 :: VGEN.14.03 :: Vgen.141 :: Vgen.1416 :: Vgen.141 :: VGEN.14258.15 :: VGEN.143.0 :: Vgen.14406 :: VGEN.14432.713 :: VGEN.14432.713 :: Vgen.1449 :: VGEN.146.316 :: Vgen.147 :: Vgen.149 :: Vgen.152 :: VGEN.155.0 :: Vgen.15829 :: VGEN.159.3 :: VGEN.15958.0 :: VGEN.15958.0 :: Vgen.160 :: VGEN.162.0 :: VGEN.165.0 :: VGEN.16.512 :: Vgen.166 :: VGEN.167.112 :: VGEN.168.0 :: VGEN.169.0 :: Vgen.170 :: VGEN.17.0 :: VGEN.171.6 :: VGEN.173.27 :: VGEN.173.27 :: VGEN.174.27 :: VGEN.17475.34 :: VGEN.1757.121 :: VGEN.183.12 :: VGEN.185.512 :: VGEN.186.134 :: VGEN.190.144 :: Vgen.1918 :: Vgen.1918 :: Vgen.1918 :: Vgen.1918 :: VGEN.193.0 :: VGEN.19.512 :: VGEN.19.512 :: VGEN.198.0 :: Vgen.202 :: VGEN.207.0 :: VGEN.21005.0 :: VGEN.210.100 :: VGEN.211.100 :: VGEN.212.100 :: VGEN.215.0 :: VGEN.221.512 :: Vgen.22484 :: VGEN.225.3 :: Vgen.22996 :: VGEN.2301.512 :: Vgen.231 :: Vgen.232 :: Vgen.23310 :: VGEN.23.512 :: Vgen.23616 :: Vgen.237 :: VGEN.238.30 :: Vgen.240 :: Vgen.241 :: Vgen.24 :: Vgen.248 :: VGEN.250.0 :: Vgen.256 :: VGEN.257.0 :: Vgen.2593 :: Vgen.2593 :: VGEN.25989.79 :: Vgen.260 :: VGEN.264.645 :: Vgen.265 :: VGEN.26798.32 :: Vgen.276 :: Vgen.2884 :: VGEN.2972.0 :: VGEN.30.0 :: VGEN.31.0 :: VGEN.3170.512 :: VGEN.3170.512 :: VGEN.31740.5 :: VGEN.3181.92 :: Vgen.32299 :: Vgen.332 :: VGEN.3325.6 :: VGEN.333.512 :: VGEN.334.512 :: Vgen.3351 :: VGEN.337.0 :: VGEN.3493.87 :: VGEN.3493.87 :: VGEN.35.0 :: VGEN.3622.512 :: Vgen.3750 :: Vgen.383 :: VGEN.390.5 :: VGEN.390.5 :: VGEN.392.5 :: VGEN.394.57 :: VGEN.394.57 :: VGEN.39.512 :: VGEN.395.378 :: VGEN.395.378 :: Vgen.399 :: VGEN.403.32 :: VGEN.404.0 :: VGEN.40722 :: VGEN.40722 :: VGEN.40790 :: Vgen.40 :: VGEN.408.452 :: VGEN.41.0 :: VGEN.417.0 :: VGEN.42504 :: VGEN.429.6 :: VGEN.43.0 :: VGEN.430.0 :: Vgen.43227 :: Vgen.43227 :: Vgen.43227 :: Vgen.43227 :: Vgen.43227 :: Vgen.43227 :: Vgen.43227 :: Vgen.43227 :: Vgen.43227 :: Vgen.43227 :: Vgen.43227 :: Vgen.43227 :: Vgen.43227 :: Vgen.43227 :: Vgen.43227 :: Vgen.43227 :: Vgen.43227 :: Vgen.43227 :: Vgen.43227 :: Vgen.43227 :: Vgen.43227 :: Vgen.43227 :: Vgen.43227 :: Vgen.43227 :: Vgen.43227 :: VGEN.438.571 :: VGEN.441.0 :: VGEN.44492 :: VGEN.445.512 :: VGEN.447.0 :: VGEN.458.6 :: VGEN.46373 :: VGEN.46373 :: VGEN.46519 :: VGEN.466.0 :: VGEN.468.48 :: Vgen.47530 :: VGEN.476.3 :: VGEN.47645 :: VGEN.47656 :: VGEN.47656 :: VGEN.47656 :: VGEN.47937 :: VGEN.47937 :: VGEN.48.0 :: VGEN.481.0 :: VGEN.483.0 :: VGEN.483.0 :: VGEN.484.0 :: VGEN.484.0 :: VGEN.486.3 :: VGEN.49.0 :: VGEN.49781 :: VGEN.504.0 :: VGEN.505.703.2 :: VGEN.505.703.3 :: VGEN.506.0 :: VGEN.506.0 :: VGEN.506.0 :: VGEN.506.0 :: VGEN.50.6 :: VGEN.510.3 :: VGEN.51431 :: VGEN.51437 :: VGEN.51441 :: VGEN.51.512 :: VGEN.522.0 :: VGEN.52.6 :: VGEN.532.0 :: VGEN.53.6 :: VGEN.544.15 :: VGEN.5498.512 :: VGEN.56.512 :: VGEN.58.481 :: VGEN.5887.568 :: VGEN.589.0 :: VGEN.59.512 :: VGEN.6.0 :: VGEN.605.512 :: VGEN.616.575 :: VGEN.617.314 :: VGEN.618.512 :: VGEN.619.512 :: VGEN.626.512 :: Vgen.6291 :: VGEN.63.0 :: VGEN.635.24 :: VGEN.6425.13 :: Vgen.648 :: Vgen.652 :: VGEN.66.0 :: VGEN.67.0 :: VGEN.679.9765 :: VGEN.68.0 :: VGEN.683.118 :: VGEN.694.0 :: VGEN.694.0 :: Vgen.697 :: VGEN.70.3 :: VGEN.705.0 :: VGEN.708.0 :: Vgen.720 :: Vgen.722 :: VGEN.72.6 :: VGEN.73.6 :: VGEN.740.0 :: VGEN.743.0 :: VGEN.74.6 :: VGEN.750.2 :: VGEN.7.512 :: VGEN.75.6 :: VGEN.756.252 :: VGEN.76.876 :: VGEN.7692.0 :: VGEN.77.637 :: VGEN.777.32 :: VGEN.777.32 :: Vgen.791 :: VGEN.794.3 :: VGEN.798.16 :: Vgen.79 :: VGEN.8.0 :: VGEN.81.512 :: VGEN.83.3 :: VGEN.83.3 :: VGEN.848.9765 :: VGEN.85.711 :: VGEN.865.0 :: VGEN.879.0 :: VGEN.88.13 :: VGEN.89.13 :: VGEN.897.0 :: VGEN.91.284 :: VGEN.923.0 :: VGEN.923.0 :: VGEN.92.512 :: VGEN.934.0 :: VGEN.93.512 :: VGEN.93.512 :: VGEN.937.8 :: VGEN.941.0 :: Vgen.94 :: VGEN.95.25 :: VGEN.96.512 :: VGEN.97.0 :: VGEN.976.512 :: VGEN.98.528 :: VGEN.99.528
VHP :: vhp :: VHP.361 
Victor :: v :: Victor.1
Vienna :: vienna :: Vienna.10 :: Vienna.10 :: Vienna.10 :: Vienna.10 :: Vienna.10 :: Vienna.1 :: Vienna.1 :: Vienna.1 :: Vienna.1 :: Vienna.1 :: Vienna.1 :: Vienna.1 :: Vienna.217 :: Vienna.217 :: Vienna.2 :: Vienna.2 :: Vienna.2 :: Vienna.2 :: Vienna.2 :: Vienna.2 :: Vienna.2 :: Vienna.3 :: Vienna.3 :: Vienna.3 :: Vienna.3 :: Vienna.3 :: Vienna.4 :: Vienna.4 :: Vienna.5520 :: Vienna.5520 :: Vienna.582 :: Vienna.62.C :: Vienna.637 :: Vienna.643 :: Vienna.644.B :: Vienna.645.A :: ViennaDr.Q :: Vienna.Viperize
Violator :: viol :: Violator.10 :: Violator.11 :: Violator.1 :: Violator.1 :: Violator.1 :: Violator.1 :: Violator.1 :: Violator.1 :: Violator.C 
Viper :: vip :: Viper.1 :: Viper.Dr
Virdem :: virdem :: Virdem.Family :: Virdem.Family :: Virdem.Family :: Virdem.Family :: Virdem.Family :: Virdem.Family :: Virdem.Family :: Virdem.Family :: Virdem.Family :: Virdem.Family :: Virdem.Family :: Virdem.Family :: Virdem.Family :: Virdem.Family :: Virdem.Family :: Virdem.Family
VirogenSim :: virogensim :: VirogenSim.507 
VirTool :: virtool :: VirTool.ARCV :: Virtool.DOS.Writeboot.B :: VirTool.Magazine.1 :: VirTool.Mutator :: Virtool.Sdne7.A
Virus101 :: Virus101
Virus :: virus :: Virus.484 :: 
VirusConstructionSet :: VirusConstructionSet :: 
VirusD :: VirusD :: 
Viruslesson2 :: Viruslesson2
Vkit :: vkit :: Vkit.40n.1346 :: VKit.BW.100
VLADAntipode :: VLADAntipode
VLADBios :: VLADBios
Vlad :: vlad :: Vlad.Daddy :: Vlad.Republic :: Vlad.Sister
Voodo :: Voodo :: 
Voronezh :: Voronezh
Vote :: vote :: Vote.2
VTech :: vtech :: VTech.B :: 
VX1 :: VX1
Walker :: Walker
Wanderer :: wandere :: Wanderer.1
Warlock :: Warlock
Warrior :: warrior :: Warrior.4
Wave :: Wave
Weirdo :: Weirdo
Werehere :: Werehere
Westwood :: Westwood.2 :: Westwood.2 :: 
Whale :: Whale.22 :: Whale.22 :: Whale.22 :: Whale.22 :: Whale.22 :: Whale.22 :: Whale.22 :: Whale.22 :: Whale.22 :: Whale.26 :: Whale.7
WhaleMutant :: wha:: WhaleMutant.3
Whocares :: Whocares
Wilbur :: wilbur :: Wilbur.1 :: Wilbur.2 :: Wilbur.2 :: 
Willow :: Willow :: Willow
WilVir :: WilVir
Windows :: wind :: Windows.Virus
Wisconson :: Wisconson
Witch :: Witch
Witcode :: witcode :: Witcode.789 :: 
Wolfman :: Wolfman :: Wolfman :: Wolfman :: Wolfman 
Wonder :: wonder:: Wonder.2 :: Wonder.2 
Word :: word :: Word.B :: Word.B :: Word.B :: Word.B :: Word.B :: Word.B :: Word.B :: Word.C.2 :: Word.C.3 :: Word.C.4 :: Word.C.5 :: Word.C
Wordswap :: wordswap :: Wordswap.1391 :: Wordswap.1503.A :: Wordswap.1503.A 
WWT :: wwt :: WWT.3 :: WWT.3
XA :: xa :: XA.1
Xabaras :: Xabaras.2 :: Xabaras.2
X :: x :: X.Fungus
XMas :: XMas.Violator.1 :: XMas.Violator.1 :: XMas.Violator.1
XPh :: XPh :: XPh.1029
Xtratank :: Xtratank.1 :: Xtratank.1 
Xuxa :: xuxa:: Xuxa.2
Y :: y :: Y.302 
Yafo :: Yafo
Yale :: yale :: Yale.2 :: Yale :: Yale
YAM :: yam :: YAM.3599 :: YAM.3599 
Yankee :: yanke ::  Yankee.1150.1202.A :: Yankee.1150.1202.A :: Yankee.1150 :: Yankee.1150 :: Yankee.1 :: Yankee.1 :: Yankee.1 :: Yankee.1 :: Yankee.1 :: Yankee.1 :: Yankee.1 :: Yankee.1 :: Yankee.5 :: Yankee.5 :: Yankee.5 :: Yankee.5 :: Yankee.5
Yanshort :: Yanshort.1961 :: Yanshort.1961 :: Yanshort.1961 :: Yanshort.1961.b :: Yanshort.1961
YanshortVote :: YanshortVote
YB :: yb  :: YB.316 :: YB.425 :: YB.426 :: YB.466 :: YB.466 :: YB.647.B
Yeke :: yeke :: Yeke.1204
Yellow :: yellow :: Yellow.1 :: Yellow.1 :: Yellow.1
Youth :: youth :: Youth.640 :: Youth.640 :: Youth.968
Yukon :: Yukon
Zany :: zany :: Zany.218
Zero :: zero :: Zero.Bug.1 :: Zero.Bug.1
ZeroHut :: ZeroHunt
Zherkov :: zherkov :: Zherkov.1882 :: Zherkov.1915 :: Zherkov.1916 :: Zherkov.2968 :: Zherkov.2970
ZK :: zk :: ZK.900.C :: ZK.900.C :: ZK.900.C :: ZK.900.C :: ZK.900.C
ZMT :: zmt :: ZMT.252.B
